{
  "nodes": [
    {
      "name": "LUKE",
      "value": 83,
      "colour": "#3881e5"
    },
    {
      "name": "HAN",
      "value": 66,
      "colour": "#ff9400"
    },
    {
      "name": "SNAP",
      "value": 2,
      "colour": "#808080"
    },
    {
      "name": "CHEWBACCA",
      "value": 60,
      "colour": "#A0522D"
    },
    {
      "name": "LEIA",
      "value": 73,
      "colour": "#DCDCDC"
    },
    {
      "name": "JABBA",
      "value": 4,
      "colour": "#808080"
    },
    {
      "name": "RIEEKAN",
      "value": 8,
      "colour": "#808080"
    },
    {
      "name": "C-3PO",
      "value": 54,
      "colour": "#FFD700"
    },
    {
      "name": "R2-D2",
      "value": 35,
      "colour": "#bde0f6"
    },
    {
      "name": "DERLIN",
      "value": 3,
      "colour": "#808080"
    },
    {
      "name": "OBI-WAN",
      "value": 11,
      "colour": "#48D1CC"
    },
    {
      "name": "YODA",
      "value": 9,
      "colour": "#9ACD32"
    },
    {
      "name": "ZEV",
      "value": 8,
      "colour": "#808080"
    },
    {
      "name": "DARTH VADER",
      "value": 43,
      "colour": "#000000"
    },
    {
      "name": "PIETT",
      "value": 10,
      "colour": "#808080"
    },
    {
      "name": "OZZEL",
      "value": 3,
      "colour": "#808080"
    },
    {
      "name": "DACK",
      "value": 5,
      "colour": "#808080"
    },
    {
      "name": "WEDGE",
      "value": 10,
      "colour": "#808080"
    },
    {
      "name": "JANSON",
      "value": 5,
      "colour": "#808080"
    },
    {
      "name": "EMPEROR",
      "value": 7,
      "colour": "#191970"
    },
    {
      "name": "NEEDA",
      "value": 5,
      "colour": "#808080"
    },
    {
      "name": "BOBA FETT",
      "value": 10,
      "colour": "#808080"
    },
    {
      "name": "LANDO",
      "value": 39,
      "colour": "#808080"
    }
  ],
  "links": [
    {
      "source": 1,
      "target": 0,
      "value": 12
    },
    {
      "source": 0,
      "target": 2,
      "value": 1
    },
    {
      "source": 1,
      "target": 2,
      "value": 1
    },
    {
      "source": 3,
      "target": 1,
      "value": 40
    },
    {
      "source": 1,
      "target": 4,
      "value": 48
    },
    {
      "source": 1,
      "target": 5,
      "value": 2
    },
    {
      "source": 1,
      "target": 6,
      "value": 4
    },
    {
      "source": 5,
      "target": 4,
      "value": 2
    },
    {
      "source": 4,
      "target": 6,
      "value": 6
    },
    {
      "source": 5,
      "target": 6,
      "value": 1
    },
    {
      "source": 7,
      "target": 8,
      "value": 19
    },
    {
      "source": 7,
      "target": 3,
      "value": 40
    },
    {
      "source": 7,
      "target": 0,
      "value": 11
    },
    {
      "source": 7,
      "target": 1,
      "value": 35
    },
    {
      "source": 7,
      "target": 4,
      "value": 41
    },
    {
      "source": 3,
      "target": 8,
      "value": 14
    },
    {
      "source": 0,
      "target": 8,
      "value": 21
    },
    {
      "source": 1,
      "target": 8,
      "value": 9
    },
    {
      "source": 4,
      "target": 8,
      "value": 14
    },
    {
      "source": 3,
      "target": 0,
      "value": 14
    },
    {
      "source": 3,
      "target": 4,
      "value": 47
    },
    {
      "source": 4,
      "target": 0,
      "value": 18
    },
    {
      "source": 7,
      "target": 9,
      "value": 1
    },
    {
      "source": 9,
      "target": 8,
      "value": 1
    },
    {
      "source": 3,
      "target": 9,
      "value": 1
    },
    {
      "source": 9,
      "target": 0,
      "value": 1
    },
    {
      "source": 9,
      "target": 4,
      "value": 2
    },
    {
      "source": 0,
      "target": 10,
      "value": 10
    },
    {
      "source": 1,
      "target": 10,
      "value": 2
    },
    {
      "source": 10,
      "target": 11,
      "value": 4
    },
    {
      "source": 0,
      "target": 11,
      "value": 7
    },
    {
      "source": 1,
      "target": 11,
      "value": 3
    },
    {
      "source": 1,
      "target": 12,
      "value": 2
    },
    {
      "source": 7,
      "target": 6,
      "value": 2
    },
    {
      "source": 8,
      "target": 6,
      "value": 1
    },
    {
      "source": 3,
      "target": 6,
      "value": 2
    },
    {
      "source": 0,
      "target": 6,
      "value": 2
    },
    {
      "source": 13,
      "target": 14,
      "value": 8
    },
    {
      "source": 13,
      "target": 15,
      "value": 2
    },
    {
      "source": 15,
      "target": 14,
      "value": 2
    },
    {
      "source": 16,
      "target": 0,
      "value": 4
    },
    {
      "source": 0,
      "target": 17,
      "value": 3
    },
    {
      "source": 18,
      "target": 17,
      "value": 3
    },
    {
      "source": 0,
      "target": 12,
      "value": 2
    },
    {
      "source": 8,
      "target": 17,
      "value": 1
    },
    {
      "source": 8,
      "target": 11,
      "value": 6
    },
    {
      "source": 13,
      "target": 19,
      "value": 6
    },
    {
      "source": 13,
      "target": 20,
      "value": 4
    },
    {
      "source": 19,
      "target": 14,
      "value": 1
    },
    {
      "source": 19,
      "target": 20,
      "value": 1
    },
    {
      "source": 20,
      "target": 14,
      "value": 2
    },
    {
      "source": 13,
      "target": 10,
      "value": 5
    },
    {
      "source": 19,
      "target": 10,
      "value": 4
    },
    {
      "source": 13,
      "target": 0,
      "value": 15
    },
    {
      "source": 19,
      "target": 0,
      "value": 4
    },
    {
      "source": 10,
      "target": 8,
      "value": 3
    },
    {
      "source": 13,
      "target": 8,
      "value": 2
    },
    {
      "source": 13,
      "target": 11,
      "value": 2
    },
    {
      "source": 21,
      "target": 13,
      "value": 5
    },
    {
      "source": 21,
      "target": 14,
      "value": 1
    },
    {
      "source": 7,
      "target": 22,
      "value": 15
    },
    {
      "source": 3,
      "target": 22,
      "value": 25
    },
    {
      "source": 1,
      "target": 22,
      "value": 21
    },
    {
      "source": 22,
      "target": 4,
      "value": 27
    },
    {
      "source": 4,
      "target": 11,
      "value": 2
    },
    {
      "source": 4,
      "target": 10,
      "value": 2
    },
    {
      "source": 19,
      "target": 8,
      "value": 1
    },
    {
      "source": 13,
      "target": 1,
      "value": 6
    },
    {
      "source": 13,
      "target": 4,
      "value": 5
    },
    {
      "source": 19,
      "target": 1,
      "value": 1
    },
    {
      "source": 19,
      "target": 4,
      "value": 1
    },
    {
      "source": 19,
      "target": 11,
      "value": 1
    },
    {
      "source": 21,
      "target": 1,
      "value": 6
    },
    {
      "source": 21,
      "target": 22,
      "value": 6
    },
    {
      "source": 13,
      "target": 22,
      "value": 7
    },
    {
      "source": 21,
      "target": 4,
      "value": 4
    },
    {
      "source": 21,
      "target": 5,
      "value": 1
    },
    {
      "source": 13,
      "target": 5,
      "value": 1
    },
    {
      "source": 5,
      "target": 22,
      "value": 2
    },
    {
      "source": 7,
      "target": 13,
      "value": 2
    },
    {
      "source": 3,
      "target": 13,
      "value": 3
    },
    {
      "source": 22,
      "target": 0,
      "value": 7
    },
    {
      "source": 19,
      "target": 22,
      "value": 1
    },
    {
      "source": 21,
      "target": 7,
      "value": 3
    },
    {
      "source": 21,
      "target": 3,
      "value": 3
    },
    {
      "source": 21,
      "target": 8,
      "value": 2
    },
    {
      "source": 22,
      "target": 8,
      "value": 5
    },
    {
      "source": 21,
      "target": 0,
      "value": 1
    },
    {
      "source": 3,
      "target": 5,
      "value": 1
    },
    {
      "source": 5,
      "target": 0,
      "value": 1
    }
  ]
}