{
  "nodes": [
    {
      "name": "ANAKIN",
      "value": 53,
      "colour": "#ce3b59"
    },
    {
      "name": "OBI-WAN",
      "value": 59,
      "colour": "#48D1CC"
    },
    {
      "name": "ODD BALL",
      "value": 4,
      "colour": "#808080"
    },
    {
      "name": "GENERAL GRIEVOUS",
      "value": 12,
      "colour": "#808080"
    },
    {
      "name": "EMPEROR",
      "value": 24,
      "colour": "#191970"
    },
    {
      "name": "COUNT DOOKU",
      "value": 2,
      "colour": "#808080"
    },
    {
      "name": "BAIL ORGANA",
      "value": 20,
      "colour": "#808080"
    },
    {
      "name": "C-3PO",
      "value": 15,
      "colour": "#FFD700"
    },
    {
      "name": "PADME",
      "value": 23,
      "colour": "#DDA0DD"
    },
    {
      "name": "YODA",
      "value": 23,
      "colour": "#9ACD32"
    },
    {
      "name": "FANG ZAR",
      "value": 3,
      "colour": "#808080"
    },
    {
      "name": "MON MOTHMA",
      "value": 3,
      "colour": "#808080"
    },
    {
      "name": "GIDDEAN DANU",
      "value": 2,
      "colour": "#808080"
    },
    {
      "name": "MACE WINDU",
      "value": 7,
      "colour": "#808080"
    },
    {
      "name": "CAPTAIN TYPHO",
      "value": 3,
      "colour": "#808080"
    },
    {
      "name": "CLONE COMMANDER GREE",
      "value": 4,
      "colour": "#808080"
    },
    {
      "name": "CLONE COMMANDER CODY",
      "value": 4,
      "colour": "#808080"
    },
    {
      "name": "JAR JAR",
      "value": 2,
      "colour": "#9a9a00"
    },
    {
      "name": "TION MEDON",
      "value": 3,
      "colour": "#808080"
    },
    {
      "name": "NUTE GUNRAY",
      "value": 5,
      "colour": "#808080"
    },
    {
      "name": "PLO KOON",
      "value": 2,
      "colour": "#808080"
    },
    {
      "name": "CAPTAIN ANTILLES",
      "value": 3,
      "colour": "#808080"
    },
    {
      "name": "DARTH VADER",
      "value": 4,
      "colour": "#000000"
    },
    {
      "name": "QUI-GON",
      "value": 2,
      "colour": "#4f4fb1"
    }
  ],
  "links": [
    {
      "source": 0,
      "target": 1,
      "value": 28
    },
    {
      "source": 1,
      "target": 2,
      "value": 2
    },
    {
      "source": 0,
      "target": 2,
      "value": 2
    },
    {
      "source": 4,
      "target": 1,
      "value": 4
    },
    {
      "source": 5,
      "target": 1,
      "value": 1
    },
    {
      "source": 0,
      "target": 4,
      "value": 14
    },
    {
      "source": 0,
      "target": 5,
      "value": 1
    },
    {
      "source": 5,
      "target": 4,
      "value": 1
    },
    {
      "source": 3,
      "target": 1,
      "value": 2
    },
    {
      "source": 0,
      "target": 3,
      "value": 1
    },
    {
      "source": 0,
      "target": 6,
      "value": 2
    },
    {
      "source": 0,
      "target": 7,
      "value": 4
    },
    {
      "source": 6,
      "target": 1,
      "value": 7
    },
    {
      "source": 7,
      "target": 1,
      "value": 3
    },
    {
      "source": 6,
      "target": 4,
      "value": 3
    },
    {
      "source": 7,
      "target": 4,
      "value": 2
    },
    {
      "source": 6,
      "target": 7,
      "value": 3
    },
    {
      "source": 6,
      "target": 8,
      "value": 5
    },
    {
      "source": 0,
      "target": 8,
      "value": 9
    },
    {
      "source": 0,
      "target": 9,
      "value": 5
    },
    {
      "source": 6,
      "target": 10,
      "value": 2
    },
    {
      "source": 6,
      "target": 11,
      "value": 2
    },
    {
      "source": 6,
      "target": 12,
      "value": 1
    },
    {
      "source": 10,
      "target": 8,
      "value": 2
    },
    {
      "source": 10,
      "target": 11,
      "value": 2
    },
    {
      "source": 10,
      "target": 12,
      "value": 1
    },
    {
      "source": 11,
      "target": 8,
      "value": 2
    },
    {
      "source": 12,
      "target": 8,
      "value": 1
    },
    {
      "source": 12,
      "target": 11,
      "value": 1
    },
    {
      "source": 0,
      "target": 13,
      "value": 5
    },
    {
      "source": 13,
      "target": 9,
      "value": 4
    },
    {
      "source": 13,
      "target": 1,
      "value": 3
    },
    {
      "source": 1,
      "target": 9,
      "value": 11
    },
    {
      "source": 14,
      "target": 8,
      "value": 2
    },
    {
      "source": 7,
      "target": 8,
      "value": 5
    },
    {
      "source": 7,
      "target": 14,
      "value": 2
    },
    {
      "source": 0,
      "target": 14,
      "value": 1
    },
    {
      "source": 15,
      "target": 9,
      "value": 1
    },
    {
      "source": 1,
      "target": 8,
      "value": 6
    },
    {
      "source": 16,
      "target": 1,
      "value": 2
    },
    {
      "source": 0,
      "target": 17,
      "value": 1
    },
    {
      "source": 4,
      "target": 17,
      "value": 1
    },
    {
      "source": 1,
      "target": 18,
      "value": 1
    },
    {
      "source": 3,
      "target": 19,
      "value": 1
    },
    {
      "source": 4,
      "target": 8,
      "value": 4
    },
    {
      "source": 0,
      "target": 16,
      "value": 1
    },
    {
      "source": 16,
      "target": 13,
      "value": 1
    },
    {
      "source": 16,
      "target": 9,
      "value": 1
    },
    {
      "source": 4,
      "target": 13,
      "value": 1
    },
    {
      "source": 6,
      "target": 21,
      "value": 2
    },
    {
      "source": 6,
      "target": 9,
      "value": 6
    },
    {
      "source": 4,
      "target": 19,
      "value": 1
    },
    {
      "source": 23,
      "target": 9,
      "value": 1
    },
    {
      "source": 6,
      "target": 23,
      "value": 1
    },
    {
      "source": 7,
      "target": 9,
      "value": 1
    },
    {
      "source": 22,
      "target": 4,
      "value": 1
    },
    {
      "source": 7,
      "target": 21,
      "value": 1
    }
  ]
}