{
  "nodes": [
    {
      "name": "DARTH VADER",
      "value": 190,
      "colour": "#000000"
    },
    {
      "name": "R2-D2",
      "value": 171,
      "colour": "#bde0f6"
    },
    {
      "name": "CHEWBACCA",
      "value": 145,
      "colour": "#A0522D"
    },
    {
      "name": "BB-8",
      "value": 40,
      "colour": "#eb5d00"
    },
    {
      "name": "QUI-GON",
      "value": 62,
      "colour": "#4f4fb1"
    },
    {
      "name": "NUTE GUNRAY",
      "value": 25,
      "colour": "#808080"
    },
    {
      "name": "PK-4",
      "value": 4,
      "colour": "#808080"
    },
    {
      "name": "TC-14",
      "value": 5,
      "colour": "#808080"
    },
    {
      "name": "OBI-WAN",
      "value": 148,
      "colour": "#48D1CC"
    },
    {
      "name": "DOFINE",
      "value": 4,
      "colour": "#808080"
    },
    {
      "name": "RUNE",
      "value": 11,
      "colour": "#808080"
    },
    {
      "name": "TEY HOW",
      "value": 5,
      "colour": "#808080"
    },
    {
      "name": "EMPEROR",
      "value": 52,
      "colour": "#191970"
    },
    {
      "name": "CAPTAIN PANAKA",
      "value": 20,
      "colour": "#808080"
    },
    {
      "name": "SIO BIBBLE",
      "value": 9,
      "colour": "#808080"
    },
    {
      "name": "JAR JAR",
      "value": 42,
      "colour": "#9a9a00"
    },
    {
      "name": "TARPALS",
      "value": 4,
      "colour": "#808080"
    },
    {
      "name": "BOSS NASS",
      "value": 5,
      "colour": "#808080"
    },
    {
      "name": "PADME",
      "value": 75,
      "colour": "#DDA0DD"
    },
    {
      "name": "RIC OLIE",
      "value": 12,
      "colour": "#808080"
    },
    {
      "name": "WATTO",
      "value": 9,
      "colour": "#808080"
    },
    {
      "name": "SEBULBA",
      "value": 4,
      "colour": "#808080"
    },
    {
      "name": "JIRA",
      "value": 4,
      "colour": "#808080"
    },
    {
      "name": "SHMI",
      "value": 12,
      "colour": "#808080"
    },
    {
      "name": "C-3PO",
      "value": 151,
      "colour": "#FFD700"
    },
    {
      "name": "DARTH MAUL",
      "value": 6,
      "colour": "#808080"
    },
    {
      "name": "KITSTER",
      "value": 5,
      "colour": "#808080"
    },
    {
      "name": "WALD",
      "value": 4,
      "colour": "#808080"
    },
    {
      "name": "FODE/BEED",
      "value": 12,
      "colour": "#808080"
    },
    {
      "name": "JABBA",
      "value": 8,
      "colour": "#808080"
    },
    {
      "name": "GREEDO",
      "value": 4,
      "colour": "#808080"
    },
    {
      "name": "VALORUM",
      "value": 4,
      "colour": "#808080"
    },
    {
      "name": "MACE WINDU",
      "value": 23,
      "colour": "#808080"
    },
    {
      "name": "KI-ADI-MUNDI",
      "value": 7,
      "colour": "#808080"
    },
    {
      "name": "YODA",
      "value": 46,
      "colour": "#9ACD32"
    },
    {
      "name": "RABE",
      "value": 3,
      "colour": "#808080"
    },
    {
      "name": "BAIL ORGANA",
      "value": 24,
      "colour": "#808080"
    },
    {
      "name": "GENERAL CEEL",
      "value": 5,
      "colour": "#808080"
    },
    {
      "name": "BRAVO TWO",
      "value": 6,
      "colour": "#808080"
    },
    {
      "name": "BRAVO THREE",
      "value": 4,
      "colour": "#808080"
    },
    {
      "name": "CAPTAIN TYPHO",
      "value": 7,
      "colour": "#808080"
    },
    {
      "name": "SENATOR ASK AAK",
      "value": 4,
      "colour": "#808080"
    },
    {
      "name": "ORN FREE TAA",
      "value": 4,
      "colour": "#808080"
    },
    {
      "name": "SOLA",
      "value": 4,
      "colour": "#808080"
    },
    {
      "name": "JOBAL",
      "value": 4,
      "colour": "#808080"
    },
    {
      "name": "RUWEE",
      "value": 5,
      "colour": "#808080"
    },
    {
      "name": "TAUN WE",
      "value": 8,
      "colour": "#808080"
    },
    {
      "name": "LAMA SU",
      "value": 9,
      "colour": "#808080"
    },
    {
      "name": "BOBA FETT",
      "value": 11,
      "colour": "#808080"
    },
    {
      "name": "JANGO FETT",
      "value": 6,
      "colour": "#808080"
    },
    {
      "name": "OWEN",
      "value": 11,
      "colour": "#808080"
    },
    {
      "name": "BERU",
      "value": 7,
      "colour": "#808080"
    },
    {
      "name": "CLIEGG",
      "value": 4,
      "colour": "#808080"
    },
    {
      "name": "COUNT DOOKU",
      "value": 10,
      "colour": "#808080"
    },
    {
      "name": "SUN RIT",
      "value": 4,
      "colour": "#808080"
    },
    {
      "name": "POGGLE",
      "value": 4,
      "colour": "#808080"
    },
    {
      "name": "PLO KOON",
      "value": 4,
      "colour": "#808080"
    },
    {
      "name": "ODD BALL",
      "value": 5,
      "colour": "#808080"
    },
    {
      "name": "GENERAL GRIEVOUS",
      "value": 13,
      "colour": "#808080"
    },
    {
      "name": "FANG ZAR",
      "value": 4,
      "colour": "#808080"
    },
    {
      "name": "MON MOTHMA",
      "value": 5,
      "colour": "#808080"
    },
    {
      "name": "GIDDEAN DANU",
      "value": 3,
      "colour": "#808080"
    },
    {
      "name": "CLONE COMMANDER GREE",
      "value": 5,
      "colour": "#808080"
    },
    {
      "name": "CLONE COMMANDER CODY",
      "value": 5,
      "colour": "#808080"
    },
    {
      "name": "TION MEDON",
      "value": 4,
      "colour": "#808080"
    },
    {
      "name": "CAPTAIN ANTILLES",
      "value": 4,
      "colour": "#808080"
    },
    {
      "name": "LUKE",
      "value": 161,
      "colour": "#3881e5"
    },
    {
      "name": "CAMIE",
      "value": 4,
      "colour": "#808080"
    },
    {
      "name": "BIGGS",
      "value": 19,
      "colour": "#808080"
    },
    {
      "name": "LEIA",
      "value": 99,
      "colour": "#DCDCDC"
    },
    {
      "name": "MOTTI",
      "value": 4,
      "colour": "#808080"
    },
    {
      "name": "TARKIN",
      "value": 13,
      "colour": "#808080"
    },
    {
      "name": "HAN",
      "value": 170,
      "colour": "#ff9400"
    },
    {
      "name": "DODONNA",
      "value": 4,
      "colour": "#808080"
    },
    {
      "name": "GOLD LEADER",
      "value": 15,
      "colour": "#808080"
    },
    {
      "name": "WEDGE",
      "value": 29,
      "colour": "#808080"
    },
    {
      "name": "RED LEADER",
      "value": 34,
      "colour": "#808080"
    },
    {
      "name": "RED TEN",
      "value": 9,
      "colour": "#808080"
    },
    {
      "name": "GOLD FIVE",
      "value": 9,
      "colour": "#808080"
    },
    {
      "name": "RIEEKAN",
      "value": 8,
      "colour": "#808080"
    },
    {
      "name": "DERLIN",
      "value": 4,
      "colour": "#808080"
    },
    {
      "name": "ZEV",
      "value": 7,
      "colour": "#808080"
    },
    {
      "name": "PIETT",
      "value": 13,
      "colour": "#808080"
    },
    {
      "name": "OZZEL",
      "value": 4,
      "colour": "#808080"
    },
    {
      "name": "DACK",
      "value": 5,
      "colour": "#808080"
    },
    {
      "name": "JANSON",
      "value": 5,
      "colour": "#808080"
    },
    {
      "name": "NEEDA",
      "value": 4,
      "colour": "#808080"
    },
    {
      "name": "LANDO",
      "value": 42,
      "colour": "#808080"
    },
    {
      "name": "JERJERROD",
      "value": 4,
      "colour": "#808080"
    },
    {
      "name": "BIB FORTUNA",
      "value": 4,
      "colour": "#808080"
    },
    {
      "name": "BOUSHH",
      "value": 4,
      "colour": "#808080"
    },
    {
      "name": "ADMIRAL ACKBAR",
      "value": 13,
      "colour": "#808080"
    },
    {
      "name": "LOR SAN TEKKA",
      "value": 5,
      "colour": "#808080"
    },
    {
      "name": "POE",
      "value": 31,
      "colour": "#a15bea"
    },
    {
      "name": "KYLO REN",
      "value": 23,
      "colour": "#000000"
    },
    {
      "name": "CAPTAIN PHASMA",
      "value": 7,
      "colour": "#808080"
    },
    {
      "name": "FINN",
      "value": 64,
      "colour": "#07b19f"
    },
    {
      "name": "UNKAR PLUTT",
      "value": 6,
      "colour": "#808080"
    },
    {
      "name": "REY",
      "value": 57,
      "colour": "#ffe0af"
    },
    {
      "name": "GENERAL HUX",
      "value": 15,
      "colour": "#808080"
    },
    {
      "name": "LIEUTENANT MITAKA",
      "value": 4,
      "colour": "#808080"
    },
    {
      "name": "BALA-TIK",
      "value": 5,
      "colour": "#808080"
    },
    {
      "name": "SNOKE",
      "value": 5,
      "colour": "#191970"
    },
    {
      "name": "MAZ",
      "value": 7,
      "colour": "#808080"
    },
    {
      "name": "SNAP",
      "value": 6,
      "colour": "#808080"
    },
    {
      "name": "ADMIRAL STATURA",
      "value": 4,
      "colour": "#808080"
    },
    {
      "name": "YOLO ZIFF",
      "value": 4,
      "colour": "#808080"
    },
    {
      "name": "COLONEL DATOO",
      "value": 4,
      "colour": "#808080"
    },
    {
      "name": "ELLO ASTY",
      "value": 5,
      "colour": "#808080"
    },
    {
      "name": "JESS",
      "value": 5,
      "colour": "#808080"
    },
    {
      "name": "NIV LEK",
      "value": 4,
      "colour": "#808080"
    }
  ],
  "links": [
    {
      "source": 0,
      "target": 1,
      "value": 32
    },
    {
      "source": 2,
      "target": 0,
      "value": 2
    },
    {
      "source": 0,
      "target": 20,
      "value": 5
    },
    {
      "source": 0,
      "target": 4,
      "value": 22
    },
    {
      "source": 0,
      "target": 18,
      "value": 41
    },
    {
      "source": 0,
      "target": 21,
      "value": 2
    },
    {
      "source": 0,
      "target": 15,
      "value": 12
    },
    {
      "source": 0,
      "target": 22,
      "value": 2
    },
    {
      "source": 0,
      "target": 23,
      "value": 8
    },
    {
      "source": 24,
      "target": 0,
      "value": 11
    },
    {
      "source": 0,
      "target": 26,
      "value": 3
    },
    {
      "source": 0,
      "target": 27,
      "value": 2
    },
    {
      "source": 0,
      "target": 8,
      "value": 47
    },
    {
      "source": 0,
      "target": 29,
      "value": 1
    },
    {
      "source": 0,
      "target": 30,
      "value": 1
    },
    {
      "source": 13,
      "target": 0,
      "value": 2
    },
    {
      "source": 0,
      "target": 19,
      "value": 4
    },
    {
      "source": 0,
      "target": 32,
      "value": 9
    },
    {
      "source": 0,
      "target": 33,
      "value": 2
    },
    {
      "source": 0,
      "target": 34,
      "value": 9
    },
    {
      "source": 0,
      "target": 35,
      "value": 1
    },
    {
      "source": 17,
      "target": 0,
      "value": 1
    },
    {
      "source": 38,
      "target": 0,
      "value": 2
    },
    {
      "source": 39,
      "target": 0,
      "value": 1
    },
    {
      "source": 40,
      "target": 0,
      "value": 3
    },
    {
      "source": 0,
      "target": 14,
      "value": 1
    },
    {
      "source": 0,
      "target": 43,
      "value": 1
    },
    {
      "source": 0,
      "target": 44,
      "value": 1
    },
    {
      "source": 0,
      "target": 45,
      "value": 3
    },
    {
      "source": 0,
      "target": 50,
      "value": 3
    },
    {
      "source": 51,
      "target": 0,
      "value": 1
    },
    {
      "source": 52,
      "target": 0,
      "value": 2
    },
    {
      "source": 0,
      "target": 54,
      "value": 1
    },
    {
      "source": 0,
      "target": 55,
      "value": 1
    },
    {
      "source": 0,
      "target": 5,
      "value": 1
    },
    {
      "source": 53,
      "target": 0,
      "value": 3
    },
    {
      "source": 0,
      "target": 57,
      "value": 2
    },
    {
      "source": 0,
      "target": 12,
      "value": 21
    },
    {
      "source": 0,
      "target": 58,
      "value": 1
    },
    {
      "source": 36,
      "target": 0,
      "value": 2
    },
    {
      "source": 63,
      "target": 0,
      "value": 1
    },
    {
      "source": 0,
      "target": 69,
      "value": 2
    },
    {
      "source": 0,
      "target": 70,
      "value": 1
    },
    {
      "source": 0,
      "target": 71,
      "value": 7
    },
    {
      "source": 0,
      "target": 82,
      "value": 8
    },
    {
      "source": 0,
      "target": 83,
      "value": 2
    },
    {
      "source": 0,
      "target": 86,
      "value": 1
    },
    {
      "source": 48,
      "target": 0,
      "value": 3
    },
    {
      "source": 0,
      "target": 87,
      "value": 4
    },
    {
      "source": 0,
      "target": 72,
      "value": 2
    },
    {
      "source": 0,
      "target": 66,
      "value": 8
    },
    {
      "source": 0,
      "target": 88,
      "value": 1
    },
    {
      "source": 2,
      "target": 1,
      "value": 17
    },
    {
      "source": 3,
      "target": 1,
      "value": 2
    },
    {
      "source": 3,
      "target": 2,
      "value": 8
    },
    {
      "source": 8,
      "target": 1,
      "value": 28
    },
    {
      "source": 18,
      "target": 1,
      "value": 24
    },
    {
      "source": 4,
      "target": 1,
      "value": 13
    },
    {
      "source": 1,
      "target": 20,
      "value": 3
    },
    {
      "source": 24,
      "target": 1,
      "value": 55
    },
    {
      "source": 26,
      "target": 1,
      "value": 2
    },
    {
      "source": 29,
      "target": 1,
      "value": 4
    },
    {
      "source": 12,
      "target": 1,
      "value": 5
    },
    {
      "source": 40,
      "target": 1,
      "value": 1
    },
    {
      "source": 51,
      "target": 1,
      "value": 1
    },
    {
      "source": 50,
      "target": 1,
      "value": 2
    },
    {
      "source": 36,
      "target": 1,
      "value": 3
    },
    {
      "source": 1,
      "target": 34,
      "value": 5
    },
    {
      "source": 66,
      "target": 1,
      "value": 34
    },
    {
      "source": 69,
      "target": 1,
      "value": 23
    },
    {
      "source": 65,
      "target": 1,
      "value": 1
    },
    {
      "source": 68,
      "target": 1,
      "value": 1
    },
    {
      "source": 72,
      "target": 1,
      "value": 18
    },
    {
      "source": 87,
      "target": 1,
      "value": 5
    },
    {
      "source": 2,
      "target": 8,
      "value": 6
    },
    {
      "source": 24,
      "target": 2,
      "value": 39
    },
    {
      "source": 2,
      "target": 66,
      "value": 32
    },
    {
      "source": 2,
      "target": 72,
      "value": 77
    },
    {
      "source": 2,
      "target": 29,
      "value": 3
    },
    {
      "source": 2,
      "target": 69,
      "value": 48
    },
    {
      "source": 2,
      "target": 79,
      "value": 1
    },
    {
      "source": 2,
      "target": 87,
      "value": 20
    },
    {
      "source": 48,
      "target": 2,
      "value": 2
    },
    {
      "source": 2,
      "target": 96,
      "value": 20
    },
    {
      "source": 2,
      "target": 98,
      "value": 13
    },
    {
      "source": 101,
      "target": 2,
      "value": 1
    },
    {
      "source": 2,
      "target": 103,
      "value": 2
    },
    {
      "source": 2,
      "target": 93,
      "value": 2
    },
    {
      "source": 2,
      "target": 94,
      "value": 3
    },
    {
      "source": 95,
      "target": 2,
      "value": 1
    },
    {
      "source": 3,
      "target": 93,
      "value": 8
    },
    {
      "source": 3,
      "target": 92,
      "value": 2
    },
    {
      "source": 3,
      "target": 98,
      "value": 17
    },
    {
      "source": 3,
      "target": 97,
      "value": 1
    },
    {
      "source": 3,
      "target": 96,
      "value": 15
    },
    {
      "source": 3,
      "target": 72,
      "value": 9
    },
    {
      "source": 101,
      "target": 3,
      "value": 1
    },
    {
      "source": 3,
      "target": 103,
      "value": 3
    },
    {
      "source": 3,
      "target": 69,
      "value": 3
    },
    {
      "source": 3,
      "target": 24,
      "value": 3
    },
    {
      "source": 5,
      "target": 4,
      "value": 1
    },
    {
      "source": 6,
      "target": 7,
      "value": 1
    },
    {
      "source": 8,
      "target": 7,
      "value": 1
    },
    {
      "source": 4,
      "target": 7,
      "value": 1
    },
    {
      "source": 8,
      "target": 4,
      "value": 26
    },
    {
      "source": 5,
      "target": 7,
      "value": 1
    },
    {
      "source": 9,
      "target": 5,
      "value": 1
    },
    {
      "source": 9,
      "target": 7,
      "value": 1
    },
    {
      "source": 5,
      "target": 10,
      "value": 8
    },
    {
      "source": 10,
      "target": 11,
      "value": 2
    },
    {
      "source": 5,
      "target": 11,
      "value": 1
    },
    {
      "source": 13,
      "target": 12,
      "value": 3
    },
    {
      "source": 12,
      "target": 14,
      "value": 1
    },
    {
      "source": 13,
      "target": 14,
      "value": 3
    },
    {
      "source": 15,
      "target": 4,
      "value": 22
    },
    {
      "source": 15,
      "target": 8,
      "value": 15
    },
    {
      "source": 15,
      "target": 16,
      "value": 2
    },
    {
      "source": 17,
      "target": 4,
      "value": 2
    },
    {
      "source": 17,
      "target": 8,
      "value": 2
    },
    {
      "source": 17,
      "target": 15,
      "value": 2
    },
    {
      "source": 12,
      "target": 5,
      "value": 6
    },
    {
      "source": 12,
      "target": 10,
      "value": 3
    },
    {
      "source": 5,
      "target": 14,
      "value": 2
    },
    {
      "source": 15,
      "target": 14,
      "value": 1
    },
    {
      "source": 13,
      "target": 15,
      "value": 7
    },
    {
      "source": 4,
      "target": 14,
      "value": 2
    },
    {
      "source": 13,
      "target": 4,
      "value": 9
    },
    {
      "source": 13,
      "target": 18,
      "value": 7
    },
    {
      "source": 18,
      "target": 4,
      "value": 16
    },
    {
      "source": 18,
      "target": 14,
      "value": 1
    },
    {
      "source": 13,
      "target": 8,
      "value": 7
    },
    {
      "source": 8,
      "target": 19,
      "value": 3
    },
    {
      "source": 15,
      "target": 19,
      "value": 1
    },
    {
      "source": 4,
      "target": 19,
      "value": 2
    },
    {
      "source": 13,
      "target": 19,
      "value": 2
    },
    {
      "source": 15,
      "target": 18,
      "value": 10
    },
    {
      "source": 4,
      "target": 20,
      "value": 6
    },
    {
      "source": 18,
      "target": 20,
      "value": 3
    },
    {
      "source": 15,
      "target": 21,
      "value": 2
    },
    {
      "source": 4,
      "target": 21,
      "value": 2
    },
    {
      "source": 18,
      "target": 21,
      "value": 2
    },
    {
      "source": 22,
      "target": 4,
      "value": 2
    },
    {
      "source": 22,
      "target": 18,
      "value": 1
    },
    {
      "source": 15,
      "target": 23,
      "value": 3
    },
    {
      "source": 4,
      "target": 23,
      "value": 8
    },
    {
      "source": 18,
      "target": 23,
      "value": 5
    },
    {
      "source": 24,
      "target": 18,
      "value": 12
    },
    {
      "source": 8,
      "target": 14,
      "value": 1
    },
    {
      "source": 25,
      "target": 12,
      "value": 3
    },
    {
      "source": 26,
      "target": 27,
      "value": 1
    },
    {
      "source": 15,
      "target": 26,
      "value": 1
    },
    {
      "source": 26,
      "target": 4,
      "value": 2
    },
    {
      "source": 15,
      "target": 27,
      "value": 1
    },
    {
      "source": 4,
      "target": 27,
      "value": 2
    },
    {
      "source": 8,
      "target": 23,
      "value": 1
    },
    {
      "source": 24,
      "target": 20,
      "value": 1
    },
    {
      "source": 26,
      "target": 20,
      "value": 1
    },
    {
      "source": 24,
      "target": 4,
      "value": 1
    },
    {
      "source": 24,
      "target": 26,
      "value": 1
    },
    {
      "source": 26,
      "target": 18,
      "value": 1
    },
    {
      "source": 28,
      "target": 29,
      "value": 1
    },
    {
      "source": 29,
      "target": 23,
      "value": 1
    },
    {
      "source": 21,
      "target": 23,
      "value": 1
    },
    {
      "source": 29,
      "target": 15,
      "value": 1
    },
    {
      "source": 29,
      "target": 18,
      "value": 1
    },
    {
      "source": 29,
      "target": 21,
      "value": 1
    },
    {
      "source": 29,
      "target": 4,
      "value": 1
    },
    {
      "source": 28,
      "target": 15,
      "value": 2
    },
    {
      "source": 28,
      "target": 18,
      "value": 1
    },
    {
      "source": 30,
      "target": 4,
      "value": 1
    },
    {
      "source": 30,
      "target": 27,
      "value": 1
    },
    {
      "source": 26,
      "target": 23,
      "value": 1
    },
    {
      "source": 12,
      "target": 31,
      "value": 2
    },
    {
      "source": 12,
      "target": 15,
      "value": 5
    },
    {
      "source": 12,
      "target": 4,
      "value": 1
    },
    {
      "source": 15,
      "target": 31,
      "value": 1
    },
    {
      "source": 4,
      "target": 31,
      "value": 1
    },
    {
      "source": 32,
      "target": 4,
      "value": 2
    },
    {
      "source": 33,
      "target": 4,
      "value": 2
    },
    {
      "source": 4,
      "target": 34,
      "value": 3
    },
    {
      "source": 4,
      "target": 35,
      "value": 1
    },
    {
      "source": 33,
      "target": 32,
      "value": 4
    },
    {
      "source": 32,
      "target": 34,
      "value": 16
    },
    {
      "source": 32,
      "target": 35,
      "value": 1
    },
    {
      "source": 33,
      "target": 34,
      "value": 4
    },
    {
      "source": 33,
      "target": 35,
      "value": 1
    },
    {
      "source": 35,
      "target": 34,
      "value": 1
    },
    {
      "source": 36,
      "target": 12,
      "value": 6
    },
    {
      "source": 36,
      "target": 31,
      "value": 1
    },
    {
      "source": 8,
      "target": 34,
      "value": 20
    },
    {
      "source": 32,
      "target": 8,
      "value": 9
    },
    {
      "source": 33,
      "target": 8,
      "value": 1
    },
    {
      "source": 17,
      "target": 18,
      "value": 2
    },
    {
      "source": 25,
      "target": 5,
      "value": 3
    },
    {
      "source": 17,
      "target": 13,
      "value": 1
    },
    {
      "source": 8,
      "target": 18,
      "value": 9
    },
    {
      "source": 12,
      "target": 37,
      "value": 1
    },
    {
      "source": 37,
      "target": 5,
      "value": 1
    },
    {
      "source": 25,
      "target": 37,
      "value": 1
    },
    {
      "source": 25,
      "target": 10,
      "value": 1
    },
    {
      "source": 38,
      "target": 19,
      "value": 4
    },
    {
      "source": 37,
      "target": 15,
      "value": 1
    },
    {
      "source": 5,
      "target": 18,
      "value": 2
    },
    {
      "source": 9,
      "target": 11,
      "value": 1
    },
    {
      "source": 39,
      "target": 38,
      "value": 2
    },
    {
      "source": 39,
      "target": 19,
      "value": 2
    },
    {
      "source": 12,
      "target": 18,
      "value": 5
    },
    {
      "source": 12,
      "target": 41,
      "value": 2
    },
    {
      "source": 12,
      "target": 42,
      "value": 2
    },
    {
      "source": 42,
      "target": 41,
      "value": 1
    },
    {
      "source": 12,
      "target": 32,
      "value": 3
    },
    {
      "source": 12,
      "target": 34,
      "value": 2
    },
    {
      "source": 12,
      "target": 33,
      "value": 1
    },
    {
      "source": 36,
      "target": 32,
      "value": 2
    },
    {
      "source": 36,
      "target": 34,
      "value": 8
    },
    {
      "source": 36,
      "target": 33,
      "value": 1
    },
    {
      "source": 40,
      "target": 15,
      "value": 1
    },
    {
      "source": 40,
      "target": 8,
      "value": 2
    },
    {
      "source": 8,
      "target": 6,
      "value": 1
    },
    {
      "source": 18,
      "target": 43,
      "value": 1
    },
    {
      "source": 44,
      "target": 43,
      "value": 2
    },
    {
      "source": 45,
      "target": 43,
      "value": 1
    },
    {
      "source": 44,
      "target": 18,
      "value": 1
    },
    {
      "source": 18,
      "target": 45,
      "value": 1
    },
    {
      "source": 44,
      "target": 45,
      "value": 1
    },
    {
      "source": 8,
      "target": 46,
      "value": 5
    },
    {
      "source": 47,
      "target": 46,
      "value": 2
    },
    {
      "source": 47,
      "target": 8,
      "value": 6
    },
    {
      "source": 48,
      "target": 46,
      "value": 2
    },
    {
      "source": 48,
      "target": 49,
      "value": 3
    },
    {
      "source": 48,
      "target": 8,
      "value": 1
    },
    {
      "source": 49,
      "target": 46,
      "value": 1
    },
    {
      "source": 49,
      "target": 8,
      "value": 1
    },
    {
      "source": 24,
      "target": 50,
      "value": 4
    },
    {
      "source": 51,
      "target": 24,
      "value": 3
    },
    {
      "source": 24,
      "target": 52,
      "value": 1
    },
    {
      "source": 51,
      "target": 50,
      "value": 4
    },
    {
      "source": 50,
      "target": 18,
      "value": 4
    },
    {
      "source": 52,
      "target": 50,
      "value": 2
    },
    {
      "source": 51,
      "target": 18,
      "value": 1
    },
    {
      "source": 51,
      "target": 52,
      "value": 1
    },
    {
      "source": 52,
      "target": 18,
      "value": 2
    },
    {
      "source": 36,
      "target": 8,
      "value": 8
    },
    {
      "source": 12,
      "target": 8,
      "value": 5
    },
    {
      "source": 8,
      "target": 41,
      "value": 1
    },
    {
      "source": 36,
      "target": 41,
      "value": 1
    },
    {
      "source": 36,
      "target": 15,
      "value": 1
    },
    {
      "source": 41,
      "target": 34,
      "value": 1
    },
    {
      "source": 15,
      "target": 34,
      "value": 1
    },
    {
      "source": 32,
      "target": 41,
      "value": 1
    },
    {
      "source": 15,
      "target": 32,
      "value": 1
    },
    {
      "source": 15,
      "target": 41,
      "value": 1
    },
    {
      "source": 32,
      "target": 18,
      "value": 2
    },
    {
      "source": 15,
      "target": 42,
      "value": 1
    },
    {
      "source": 53,
      "target": 18,
      "value": 3
    },
    {
      "source": 53,
      "target": 49,
      "value": 1
    },
    {
      "source": 55,
      "target": 54,
      "value": 2
    },
    {
      "source": 5,
      "target": 54,
      "value": 2
    },
    {
      "source": 5,
      "target": 55,
      "value": 2
    },
    {
      "source": 8,
      "target": 54,
      "value": 1
    },
    {
      "source": 8,
      "target": 55,
      "value": 1
    },
    {
      "source": 5,
      "target": 8,
      "value": 1
    },
    {
      "source": 53,
      "target": 8,
      "value": 3
    },
    {
      "source": 18,
      "target": 54,
      "value": 1
    },
    {
      "source": 53,
      "target": 54,
      "value": 1
    },
    {
      "source": 18,
      "target": 55,
      "value": 1
    },
    {
      "source": 53,
      "target": 55,
      "value": 1
    },
    {
      "source": 53,
      "target": 5,
      "value": 1
    },
    {
      "source": 53,
      "target": 32,
      "value": 2
    },
    {
      "source": 33,
      "target": 56,
      "value": 1
    },
    {
      "source": 53,
      "target": 34,
      "value": 2
    },
    {
      "source": 18,
      "target": 34,
      "value": 1
    },
    {
      "source": 53,
      "target": 12,
      "value": 2
    },
    {
      "source": 8,
      "target": 57,
      "value": 2
    },
    {
      "source": 58,
      "target": 8,
      "value": 2
    },
    {
      "source": 24,
      "target": 8,
      "value": 9
    },
    {
      "source": 24,
      "target": 12,
      "value": 2
    },
    {
      "source": 36,
      "target": 24,
      "value": 3
    },
    {
      "source": 36,
      "target": 18,
      "value": 5
    },
    {
      "source": 36,
      "target": 59,
      "value": 2
    },
    {
      "source": 36,
      "target": 60,
      "value": 2
    },
    {
      "source": 36,
      "target": 61,
      "value": 1
    },
    {
      "source": 59,
      "target": 18,
      "value": 2
    },
    {
      "source": 59,
      "target": 60,
      "value": 2
    },
    {
      "source": 59,
      "target": 61,
      "value": 1
    },
    {
      "source": 60,
      "target": 18,
      "value": 2
    },
    {
      "source": 61,
      "target": 18,
      "value": 1
    },
    {
      "source": 61,
      "target": 60,
      "value": 1
    },
    {
      "source": 40,
      "target": 18,
      "value": 2
    },
    {
      "source": 24,
      "target": 40,
      "value": 2
    },
    {
      "source": 62,
      "target": 34,
      "value": 1
    },
    {
      "source": 63,
      "target": 8,
      "value": 2
    },
    {
      "source": 8,
      "target": 64,
      "value": 1
    },
    {
      "source": 58,
      "target": 5,
      "value": 1
    },
    {
      "source": 63,
      "target": 32,
      "value": 1
    },
    {
      "source": 63,
      "target": 34,
      "value": 1
    },
    {
      "source": 36,
      "target": 65,
      "value": 2
    },
    {
      "source": 36,
      "target": 4,
      "value": 1
    },
    {
      "source": 24,
      "target": 34,
      "value": 1
    },
    {
      "source": 24,
      "target": 65,
      "value": 1
    },
    {
      "source": 67,
      "target": 66,
      "value": 2
    },
    {
      "source": 68,
      "target": 67,
      "value": 2
    },
    {
      "source": 68,
      "target": 66,
      "value": 4
    },
    {
      "source": 51,
      "target": 66,
      "value": 3
    },
    {
      "source": 66,
      "target": 50,
      "value": 3
    },
    {
      "source": 24,
      "target": 66,
      "value": 29
    },
    {
      "source": 24,
      "target": 69,
      "value": 49
    },
    {
      "source": 69,
      "target": 66,
      "value": 26
    },
    {
      "source": 51,
      "target": 69,
      "value": 1
    },
    {
      "source": 66,
      "target": 8,
      "value": 22
    },
    {
      "source": 69,
      "target": 8,
      "value": 1
    },
    {
      "source": 70,
      "target": 71,
      "value": 2
    },
    {
      "source": 72,
      "target": 8,
      "value": 10
    },
    {
      "source": 72,
      "target": 66,
      "value": 43
    },
    {
      "source": 30,
      "target": 72,
      "value": 1
    },
    {
      "source": 72,
      "target": 29,
      "value": 1
    },
    {
      "source": 24,
      "target": 72,
      "value": 54
    },
    {
      "source": 69,
      "target": 70,
      "value": 1
    },
    {
      "source": 69,
      "target": 71,
      "value": 1
    },
    {
      "source": 72,
      "target": 69,
      "value": 69
    },
    {
      "source": 73,
      "target": 74,
      "value": 1
    },
    {
      "source": 73,
      "target": 75,
      "value": 1
    },
    {
      "source": 73,
      "target": 66,
      "value": 1
    },
    {
      "source": 74,
      "target": 75,
      "value": 1
    },
    {
      "source": 74,
      "target": 66,
      "value": 1
    },
    {
      "source": 66,
      "target": 75,
      "value": 4
    },
    {
      "source": 68,
      "target": 69,
      "value": 1
    },
    {
      "source": 69,
      "target": 76,
      "value": 1
    },
    {
      "source": 66,
      "target": 76,
      "value": 3
    },
    {
      "source": 68,
      "target": 76,
      "value": 3
    },
    {
      "source": 68,
      "target": 24,
      "value": 1
    },
    {
      "source": 24,
      "target": 76,
      "value": 1
    },
    {
      "source": 76,
      "target": 75,
      "value": 3
    },
    {
      "source": 74,
      "target": 76,
      "value": 1
    },
    {
      "source": 68,
      "target": 75,
      "value": 2
    },
    {
      "source": 76,
      "target": 77,
      "value": 1
    },
    {
      "source": 68,
      "target": 74,
      "value": 1
    },
    {
      "source": 66,
      "target": 77,
      "value": 1
    },
    {
      "source": 72,
      "target": 79,
      "value": 3
    },
    {
      "source": 69,
      "target": 79,
      "value": 4
    },
    {
      "source": 24,
      "target": 80,
      "value": 1
    },
    {
      "source": 72,
      "target": 81,
      "value": 1
    },
    {
      "source": 24,
      "target": 79,
      "value": 1
    },
    {
      "source": 83,
      "target": 82,
      "value": 2
    },
    {
      "source": 80,
      "target": 69,
      "value": 1
    },
    {
      "source": 84,
      "target": 66,
      "value": 3
    },
    {
      "source": 85,
      "target": 75,
      "value": 2
    },
    {
      "source": 66,
      "target": 81,
      "value": 1
    },
    {
      "source": 86,
      "target": 82,
      "value": 1
    },
    {
      "source": 66,
      "target": 34,
      "value": 6
    },
    {
      "source": 48,
      "target": 82,
      "value": 1
    },
    {
      "source": 72,
      "target": 87,
      "value": 12
    },
    {
      "source": 87,
      "target": 69,
      "value": 12
    },
    {
      "source": 24,
      "target": 87,
      "value": 8
    },
    {
      "source": 48,
      "target": 87,
      "value": 2
    },
    {
      "source": 48,
      "target": 24,
      "value": 1
    },
    {
      "source": 48,
      "target": 72,
      "value": 1
    },
    {
      "source": 48,
      "target": 69,
      "value": 1
    },
    {
      "source": 87,
      "target": 66,
      "value": 6
    },
    {
      "source": 89,
      "target": 24,
      "value": 2
    },
    {
      "source": 24,
      "target": 29,
      "value": 3
    },
    {
      "source": 29,
      "target": 66,
      "value": 2
    },
    {
      "source": 90,
      "target": 29,
      "value": 1
    },
    {
      "source": 90,
      "target": 24,
      "value": 2
    },
    {
      "source": 90,
      "target": 72,
      "value": 1
    },
    {
      "source": 90,
      "target": 69,
      "value": 1
    },
    {
      "source": 89,
      "target": 66,
      "value": 1
    },
    {
      "source": 89,
      "target": 29,
      "value": 1
    },
    {
      "source": 72,
      "target": 60,
      "value": 1
    },
    {
      "source": 91,
      "target": 72,
      "value": 2
    },
    {
      "source": 87,
      "target": 60,
      "value": 1
    },
    {
      "source": 91,
      "target": 87,
      "value": 5
    },
    {
      "source": 91,
      "target": 60,
      "value": 1
    },
    {
      "source": 24,
      "target": 60,
      "value": 1
    },
    {
      "source": 69,
      "target": 60,
      "value": 1
    },
    {
      "source": 66,
      "target": 60,
      "value": 1
    },
    {
      "source": 91,
      "target": 24,
      "value": 2
    },
    {
      "source": 91,
      "target": 69,
      "value": 2
    },
    {
      "source": 91,
      "target": 66,
      "value": 1
    },
    {
      "source": 12,
      "target": 66,
      "value": 3
    },
    {
      "source": 87,
      "target": 75,
      "value": 6
    },
    {
      "source": 91,
      "target": 75,
      "value": 1
    },
    {
      "source": 92,
      "target": 93,
      "value": 3
    },
    {
      "source": 94,
      "target": 92,
      "value": 1
    },
    {
      "source": 94,
      "target": 93,
      "value": 2
    },
    {
      "source": 95,
      "target": 94,
      "value": 1
    },
    {
      "source": 95,
      "target": 92,
      "value": 1
    },
    {
      "source": 95,
      "target": 93,
      "value": 1
    },
    {
      "source": 95,
      "target": 96,
      "value": 3
    },
    {
      "source": 99,
      "target": 94,
      "value": 5
    },
    {
      "source": 98,
      "target": 97,
      "value": 2
    },
    {
      "source": 96,
      "target": 93,
      "value": 11
    },
    {
      "source": 99,
      "target": 100,
      "value": 1
    },
    {
      "source": 94,
      "target": 100,
      "value": 2
    },
    {
      "source": 95,
      "target": 99,
      "value": 1
    },
    {
      "source": 96,
      "target": 98,
      "value": 29
    },
    {
      "source": 72,
      "target": 98,
      "value": 17
    },
    {
      "source": 96,
      "target": 72,
      "value": 23
    },
    {
      "source": 101,
      "target": 72,
      "value": 2
    },
    {
      "source": 101,
      "target": 98,
      "value": 1
    },
    {
      "source": 101,
      "target": 96,
      "value": 1
    },
    {
      "source": 99,
      "target": 102,
      "value": 3
    },
    {
      "source": 94,
      "target": 102,
      "value": 2
    },
    {
      "source": 72,
      "target": 103,
      "value": 4
    },
    {
      "source": 96,
      "target": 103,
      "value": 2
    },
    {
      "source": 103,
      "target": 98,
      "value": 2
    },
    {
      "source": 72,
      "target": 93,
      "value": 2
    },
    {
      "source": 69,
      "target": 93,
      "value": 3
    },
    {
      "source": 96,
      "target": 69,
      "value": 3
    },
    {
      "source": 94,
      "target": 98,
      "value": 4
    },
    {
      "source": 93,
      "target": 104,
      "value": 2
    },
    {
      "source": 91,
      "target": 93,
      "value": 1
    },
    {
      "source": 24,
      "target": 93,
      "value": 2
    },
    {
      "source": 105,
      "target": 93,
      "value": 1
    },
    {
      "source": 72,
      "target": 104,
      "value": 1
    },
    {
      "source": 91,
      "target": 104,
      "value": 1
    },
    {
      "source": 96,
      "target": 104,
      "value": 1
    },
    {
      "source": 69,
      "target": 104,
      "value": 1
    },
    {
      "source": 24,
      "target": 104,
      "value": 1
    },
    {
      "source": 105,
      "target": 104,
      "value": 1
    },
    {
      "source": 105,
      "target": 72,
      "value": 1
    },
    {
      "source": 91,
      "target": 96,
      "value": 1
    },
    {
      "source": 91,
      "target": 105,
      "value": 1
    },
    {
      "source": 24,
      "target": 96,
      "value": 1
    },
    {
      "source": 105,
      "target": 96,
      "value": 1
    },
    {
      "source": 105,
      "target": 69,
      "value": 2
    },
    {
      "source": 105,
      "target": 24,
      "value": 2
    },
    {
      "source": 95,
      "target": 72,
      "value": 2
    },
    {
      "source": 107,
      "target": 99,
      "value": 1
    },
    {
      "source": 108,
      "target": 93,
      "value": 3
    },
    {
      "source": 109,
      "target": 104,
      "value": 1
    },
    {
      "source": 72,
      "target": 94,
      "value": 3
    },
    {
      "source": 96,
      "target": 94,
      "value": 2
    },
    {
      "source": 109,
      "target": 110,
      "value": 2
    },
    {
      "source": 110,
      "target": 106,
      "value": 1
    },
    {
      "source": 110,
      "target": 93,
      "value": 2
    },
    {
      "source": 108,
      "target": 110,
      "value": 2
    },
    {
      "source": 109,
      "target": 106,
      "value": 1
    },
    {
      "source": 109,
      "target": 93,
      "value": 2
    },
    {
      "source": 108,
      "target": 109,
      "value": 2
    },
    {
      "source": 93,
      "target": 106,
      "value": 1
    },
    {
      "source": 108,
      "target": 106,
      "value": 1
    },
    {
      "source": 69,
      "target": 98,
      "value": 1
    },
    {
      "source": 66,
      "target": 98,
      "value": 1
    }
  ]
}