{
  "nodes": [
    {
      "name": "NUTE GUNRAY",
      "value": 29,
      "colour": "#808080"
    },
    {
      "name": "QUI-GON",
      "value": 87,
      "colour": "#4f4fb1"
    },
    {
      "name": "TC-14",
      "value": 5,
      "colour": "#808080"
    },
    {
      "name": "PK-4",
      "value": 3,
      "colour": "#808080"
    },
    {
      "name": "OBI-WAN",
      "value": 288,
      "colour": "#48D1CC"
    },
    {
      "name": "YODA",
      "value": 69,
      "colour": "#9ACD32"
    },
    {
      "name": "DOFINE",
      "value": 3,
      "colour": "#808080"
    },
    {
      "name": "RUNE",
      "value": 20,
      "colour": "#808080"
    },
    {
      "name": "TEY HOW",
      "value": 4,
      "colour": "#808080"
    },
    {
      "name": "VALORUM",
      "value": 6,
      "colour": "#808080"
    },
    {
      "name": "RABE",
      "value": 15,
      "colour": "#808080"
    },
    {
      "name": "EMPEROR",
      "value": 116,
      "colour": "#191970"
    },
    {
      "name": "CAPTAIN PANAKA",
      "value": 34,
      "colour": "#808080"
    },
    {
      "name": "SIO BIBBLE",
      "value": 13,
      "colour": "#808080"
    },
    {
      "name": "JAR JAR",
      "value": 72,
      "colour": "#9a9a00"
    },
    {
      "name": "TARPALS",
      "value": 3,
      "colour": "#808080"
    },
    {
      "name": "BOSS NASS",
      "value": 6,
      "colour": "#808080"
    },
    {
      "name": "PADME",
      "value": 141,
      "colour": "#DDA0DD"
    },
    {
      "name": "RIC OLIE",
      "value": 14,
      "colour": "#808080"
    },
    {
      "name": "R2-D2",
      "value": 224,
      "colour": "#bde0f6"
    },
    {
      "name": "ANAKIN",
      "value": 232,
      "colour": "#ce3b59"
    },
    {
      "name": "WATTO",
      "value": 17,
      "colour": "#808080"
    },
    {
      "name": "SEBULBA",
      "value": 11,
      "colour": "#808080"
    },
    {
      "name": "JIRA",
      "value": 3,
      "colour": "#808080"
    },
    {
      "name": "C-3PO",
      "value": 197,
      "colour": "#FFD700"
    },
    {
      "name": "SHMI",
      "value": 19,
      "colour": "#808080"
    },
    {
      "name": "DARTH MAUL",
      "value": 18,
      "colour": "#808080"
    },
    {
      "name": "KITSTER",
      "value": 11,
      "colour": "#808080"
    },
    {
      "name": "WALD",
      "value": 3,
      "colour": "#808080"
    },
    {
      "name": "GREEDO",
      "value": 5,
      "colour": "#808080"
    },
    {
      "name": "FODE/BEED",
      "value": 11,
      "colour": "#808080"
    },
    {
      "name": "JABBA",
      "value": 30,
      "colour": "#808080"
    },
    {
      "name": "MACE WINDU",
      "value": 27,
      "colour": "#808080"
    },
    {
      "name": "KI-ADI-MUNDI",
      "value": 15,
      "colour": "#808080"
    },
    {
      "name": "BAIL ORGANA",
      "value": 33,
      "colour": "#808080"
    },
    {
      "name": "GENERAL CEEL",
      "value": 5,
      "colour": "#808080"
    },
    {
      "name": "BRAVO TWO",
      "value": 5,
      "colour": "#808080"
    },
    {
      "name": "BRAVO THREE",
      "value": 3,
      "colour": "#808080"
    },
    {
      "name": "COUNT DOOKU",
      "value": 33,
      "colour": "#808080"
    },
    {
      "name": "CAPTAIN TYPHO",
      "value": 12,
      "colour": "#808080"
    },
    {
      "name": "SENATOR ASK AAK",
      "value": 3,
      "colour": "#808080"
    },
    {
      "name": "ORN FREE TAA",
      "value": 4,
      "colour": "#808080"
    },
    {
      "name": "RUWEE",
      "value": 4,
      "colour": "#808080"
    },
    {
      "name": "JOBAL",
      "value": 3,
      "colour": "#808080"
    },
    {
      "name": "SOLA",
      "value": 3,
      "colour": "#808080"
    },
    {
      "name": "TAUN WE",
      "value": 10,
      "colour": "#808080"
    },
    {
      "name": "LAMA SU",
      "value": 8,
      "colour": "#808080"
    },
    {
      "name": "JANGO FETT",
      "value": 16,
      "colour": "#808080"
    },
    {
      "name": "BOBA FETT",
      "value": 23,
      "colour": "#808080"
    },
    {
      "name": "SNAP",
      "value": 14,
      "colour": "#808080"
    },
    {
      "name": "BERU",
      "value": 13,
      "colour": "#808080"
    },
    {
      "name": "OWEN",
      "value": 17,
      "colour": "#808080"
    },
    {
      "name": "CLIEGG",
      "value": 5,
      "colour": "#808080"
    },
    {
      "name": "POGGLE",
      "value": 5,
      "colour": "#808080"
    },
    {
      "name": "SUN RIT",
      "value": 3,
      "colour": "#808080"
    },
    {
      "name": "PLO KOON",
      "value": 7,
      "colour": "#808080"
    },
    {
      "name": "GENERAL GRIEVOUS",
      "value": 35,
      "colour": "#808080"
    },
    {
      "name": "RED LEADER",
      "value": 51,
      "colour": "#808080"
    },
    {
      "name": "ODD BALL",
      "value": 4,
      "colour": "#808080"
    },
    {
      "name": "MON MOTHMA",
      "value": 4,
      "colour": "#808080"
    },
    {
      "name": "FANG ZAR",
      "value": 4,
      "colour": "#808080"
    },
    {
      "name": "GIDDEAN DANU",
      "value": 3,
      "colour": "#808080"
    },
    {
      "name": "CLONE COMMANDER GREE",
      "value": 4,
      "colour": "#808080"
    },
    {
      "name": "CLONE COMMANDER CODY",
      "value": 4,
      "colour": "#808080"
    },
    {
      "name": "TION MEDON",
      "value": 3,
      "colour": "#808080"
    },
    {
      "name": "DARTH VADER",
      "value": 147,
      "colour": "#000000"
    },
    {
      "name": "CHEWBACCA",
      "value": 197,
      "colour": "#A0522D"
    },
    {
      "name": "CAPTAIN ANTILLES",
      "value": 4,
      "colour": "#808080"
    },
    {
      "name": "LUKE",
      "value": 338,
      "colour": "#3881e5"
    },
    {
      "name": "LEIA",
      "value": 182,
      "colour": "#DCDCDC"
    },
    {
      "name": "TARKIN",
      "value": 17,
      "colour": "#808080"
    },
    {
      "name": "YOUNG GIRL",
      "value": 4,
      "colour": "#808080"
    },
    {
      "name": "BIGGS",
      "value": 34,
      "colour": "#808080"
    },
    {
      "name": "CAMIE",
      "value": 3,
      "colour": "#808080"
    },
    {
      "name": "MOTTI",
      "value": 3,
      "colour": "#808080"
    },
    {
      "name": "HAN",
      "value": 231,
      "colour": "#ff9400"
    },
    {
      "name": "WEDGE",
      "value": 43,
      "colour": "#808080"
    },
    {
      "name": "GOLD LEADER",
      "value": 25,
      "colour": "#808080"
    },
    {
      "name": "DODONNA",
      "value": 10,
      "colour": "#808080"
    },
    {
      "name": "RED TEN",
      "value": 12,
      "colour": "#808080"
    },
    {
      "name": "GOLD FIVE",
      "value": 12,
      "colour": "#808080"
    },
    {
      "name": "RIEEKAN",
      "value": 8,
      "colour": "#808080"
    },
    {
      "name": "DERLIN",
      "value": 3,
      "colour": "#808080"
    },
    {
      "name": "ZEV",
      "value": 8,
      "colour": "#808080"
    },
    {
      "name": "PIETT",
      "value": 13,
      "colour": "#808080"
    },
    {
      "name": "OZZEL",
      "value": 3,
      "colour": "#808080"
    },
    {
      "name": "DACK",
      "value": 5,
      "colour": "#808080"
    },
    {
      "name": "JANSON",
      "value": 5,
      "colour": "#808080"
    },
    {
      "name": "NEEDA",
      "value": 5,
      "colour": "#808080"
    },
    {
      "name": "LANDO",
      "value": 69,
      "colour": "#808080"
    },
    {
      "name": "JERJERROD",
      "value": 4,
      "colour": "#808080"
    },
    {
      "name": "BIB FORTUNA",
      "value": 7,
      "colour": "#808080"
    },
    {
      "name": "BOUSHH",
      "value": 3,
      "colour": "#808080"
    },
    {
      "name": "ADMIRAL ACKBAR",
      "value": 15,
      "colour": "#808080"
    },
    {
      "name": "BB-8",
      "value": 59,
      "colour": "#eb5d00"
    },
    {
      "name": "POE",
      "value": 46,
      "colour": "#a15bea"
    },
    {
      "name": "LOR SAN TEKKA",
      "value": 6,
      "colour": "#808080"
    },
    {
      "name": "KYLO REN",
      "value": 32,
      "colour": "#000000"
    },
    {
      "name": "CAPTAIN PHASMA",
      "value": 6,
      "colour": "#808080"
    },
    {
      "name": "FINN",
      "value": 91,
      "colour": "#07b19f"
    },
    {
      "name": "REY",
      "value": 103,
      "colour": "#ffe0af"
    },
    {
      "name": "UNKAR PLUTT",
      "value": 9,
      "colour": "#808080"
    },
    {
      "name": "GENERAL HUX",
      "value": 16,
      "colour": "#808080"
    },
    {
      "name": "LIEUTENANT MITAKA",
      "value": 3,
      "colour": "#808080"
    },
    {
      "name": "SNOKE",
      "value": 10,
      "colour": "#191970"
    },
    {
      "name": "BALA-TIK",
      "value": 4,
      "colour": "#808080"
    },
    {
      "name": "MAZ",
      "value": 9,
      "colour": "#808080"
    },
    {
      "name": "JESS",
      "value": 6,
      "colour": "#808080"
    },
    {
      "name": "ADMIRAL STATURA",
      "value": 3,
      "colour": "#808080"
    },
    {
      "name": "YOLO ZIFF",
      "value": 3,
      "colour": "#808080"
    },
    {
      "name": "COLONEL DATOO",
      "value": 3,
      "colour": "#808080"
    },
    {
      "name": "ELLO ASTY",
      "value": 4,
      "colour": "#808080"
    },
    {
      "name": "NIV LEK",
      "value": 3,
      "colour": "#808080"
    }
  ],
  "links": [
    {
      "source": 0,
      "target": 1,
      "value": 3
    },
    {
      "source": 3,
      "target": 2,
      "value": 1
    },
    {
      "source": 4,
      "target": 1,
      "value": 49
    },
    {
      "source": 4,
      "target": 5,
      "value": 40
    },
    {
      "source": 4,
      "target": 2,
      "value": 1
    },
    {
      "source": 1,
      "target": 5,
      "value": 8
    },
    {
      "source": 1,
      "target": 2,
      "value": 1
    },
    {
      "source": 2,
      "target": 5,
      "value": 1
    },
    {
      "source": 0,
      "target": 2,
      "value": 2
    },
    {
      "source": 6,
      "target": 0,
      "value": 1
    },
    {
      "source": 6,
      "target": 2,
      "value": 1
    },
    {
      "source": 0,
      "target": 7,
      "value": 19
    },
    {
      "source": 0,
      "target": 4,
      "value": 4
    },
    {
      "source": 4,
      "target": 7,
      "value": 3
    },
    {
      "source": 1,
      "target": 7,
      "value": 2
    },
    {
      "source": 0,
      "target": 8,
      "value": 2
    },
    {
      "source": 7,
      "target": 8,
      "value": 2
    },
    {
      "source": 4,
      "target": 9,
      "value": 2
    },
    {
      "source": 1,
      "target": 9,
      "value": 2
    },
    {
      "source": 0,
      "target": 10,
      "value": 2
    },
    {
      "source": 10,
      "target": 7,
      "value": 2
    },
    {
      "source": 10,
      "target": 8,
      "value": 1
    },
    {
      "source": 12,
      "target": 11,
      "value": 10
    },
    {
      "source": 11,
      "target": 13,
      "value": 4
    },
    {
      "source": 12,
      "target": 13,
      "value": 6
    },
    {
      "source": 14,
      "target": 4,
      "value": 30
    },
    {
      "source": 14,
      "target": 1,
      "value": 43
    },
    {
      "source": 14,
      "target": 15,
      "value": 2
    },
    {
      "source": 16,
      "target": 4,
      "value": 5
    },
    {
      "source": 16,
      "target": 1,
      "value": 4
    },
    {
      "source": 16,
      "target": 14,
      "value": 5
    },
    {
      "source": 11,
      "target": 0,
      "value": 8
    },
    {
      "source": 11,
      "target": 7,
      "value": 7
    },
    {
      "source": 12,
      "target": 0,
      "value": 3
    },
    {
      "source": 0,
      "target": 13,
      "value": 3
    },
    {
      "source": 0,
      "target": 17,
      "value": 6
    },
    {
      "source": 12,
      "target": 17,
      "value": 22
    },
    {
      "source": 12,
      "target": 7,
      "value": 3
    },
    {
      "source": 12,
      "target": 10,
      "value": 11
    },
    {
      "source": 17,
      "target": 13,
      "value": 7
    },
    {
      "source": 7,
      "target": 13,
      "value": 2
    },
    {
      "source": 10,
      "target": 13,
      "value": 4
    },
    {
      "source": 17,
      "target": 7,
      "value": 3
    },
    {
      "source": 17,
      "target": 10,
      "value": 10
    },
    {
      "source": 12,
      "target": 4,
      "value": 19
    },
    {
      "source": 12,
      "target": 1,
      "value": 20
    },
    {
      "source": 12,
      "target": 14,
      "value": 14
    },
    {
      "source": 4,
      "target": 13,
      "value": 6
    },
    {
      "source": 1,
      "target": 13,
      "value": 4
    },
    {
      "source": 14,
      "target": 13,
      "value": 6
    },
    {
      "source": 4,
      "target": 17,
      "value": 50
    },
    {
      "source": 4,
      "target": 10,
      "value": 9
    },
    {
      "source": 17,
      "target": 1,
      "value": 38
    },
    {
      "source": 14,
      "target": 17,
      "value": 38
    },
    {
      "source": 1,
      "target": 10,
      "value": 8
    },
    {
      "source": 14,
      "target": 10,
      "value": 6
    },
    {
      "source": 11,
      "target": 4,
      "value": 49
    },
    {
      "source": 11,
      "target": 17,
      "value": 19
    },
    {
      "source": 11,
      "target": 1,
      "value": 7
    },
    {
      "source": 11,
      "target": 14,
      "value": 16
    },
    {
      "source": 12,
      "target": 18,
      "value": 6
    },
    {
      "source": 18,
      "target": 13,
      "value": 1
    },
    {
      "source": 4,
      "target": 18,
      "value": 6
    },
    {
      "source": 17,
      "target": 18,
      "value": 2
    },
    {
      "source": 1,
      "target": 18,
      "value": 6
    },
    {
      "source": 14,
      "target": 18,
      "value": 2
    },
    {
      "source": 10,
      "target": 18,
      "value": 1
    },
    {
      "source": 12,
      "target": 19,
      "value": 7
    },
    {
      "source": 4,
      "target": 19,
      "value": 60
    },
    {
      "source": 17,
      "target": 19,
      "value": 54
    },
    {
      "source": 1,
      "target": 19,
      "value": 27
    },
    {
      "source": 19,
      "target": 10,
      "value": 4
    },
    {
      "source": 14,
      "target": 19,
      "value": 27
    },
    {
      "source": 20,
      "target": 19,
      "value": 63
    },
    {
      "source": 19,
      "target": 21,
      "value": 7
    },
    {
      "source": 20,
      "target": 17,
      "value": 97
    },
    {
      "source": 20,
      "target": 1,
      "value": 42
    },
    {
      "source": 20,
      "target": 14,
      "value": 29
    },
    {
      "source": 20,
      "target": 21,
      "value": 13
    },
    {
      "source": 17,
      "target": 21,
      "value": 9
    },
    {
      "source": 1,
      "target": 21,
      "value": 14
    },
    {
      "source": 14,
      "target": 21,
      "value": 8
    },
    {
      "source": 19,
      "target": 22,
      "value": 5
    },
    {
      "source": 20,
      "target": 22,
      "value": 9
    },
    {
      "source": 17,
      "target": 22,
      "value": 5
    },
    {
      "source": 1,
      "target": 22,
      "value": 6
    },
    {
      "source": 14,
      "target": 22,
      "value": 5
    },
    {
      "source": 20,
      "target": 23,
      "value": 2
    },
    {
      "source": 23,
      "target": 17,
      "value": 1
    },
    {
      "source": 23,
      "target": 1,
      "value": 2
    },
    {
      "source": 24,
      "target": 19,
      "value": 106
    },
    {
      "source": 20,
      "target": 24,
      "value": 19
    },
    {
      "source": 24,
      "target": 17,
      "value": 29
    },
    {
      "source": 24,
      "target": 1,
      "value": 2
    },
    {
      "source": 24,
      "target": 14,
      "value": 3
    },
    {
      "source": 24,
      "target": 25,
      "value": 3
    },
    {
      "source": 19,
      "target": 25,
      "value": 8
    },
    {
      "source": 20,
      "target": 25,
      "value": 15
    },
    {
      "source": 17,
      "target": 25,
      "value": 13
    },
    {
      "source": 1,
      "target": 25,
      "value": 14
    },
    {
      "source": 14,
      "target": 25,
      "value": 11
    },
    {
      "source": 20,
      "target": 11,
      "value": 54
    },
    {
      "source": 11,
      "target": 21,
      "value": 1
    },
    {
      "source": 26,
      "target": 11,
      "value": 4
    },
    {
      "source": 20,
      "target": 26,
      "value": 4
    },
    {
      "source": 26,
      "target": 21,
      "value": 1
    },
    {
      "source": 25,
      "target": 21,
      "value": 6
    },
    {
      "source": 22,
      "target": 21,
      "value": 4
    },
    {
      "source": 27,
      "target": 19,
      "value": 8
    },
    {
      "source": 19,
      "target": 28,
      "value": 1
    },
    {
      "source": 29,
      "target": 19,
      "value": 1
    },
    {
      "source": 20,
      "target": 27,
      "value": 8
    },
    {
      "source": 20,
      "target": 28,
      "value": 2
    },
    {
      "source": 20,
      "target": 29,
      "value": 2
    },
    {
      "source": 27,
      "target": 17,
      "value": 7
    },
    {
      "source": 17,
      "target": 28,
      "value": 1
    },
    {
      "source": 29,
      "target": 17,
      "value": 1
    },
    {
      "source": 27,
      "target": 1,
      "value": 9
    },
    {
      "source": 1,
      "target": 28,
      "value": 2
    },
    {
      "source": 29,
      "target": 1,
      "value": 2
    },
    {
      "source": 14,
      "target": 27,
      "value": 7
    },
    {
      "source": 14,
      "target": 28,
      "value": 1
    },
    {
      "source": 29,
      "target": 14,
      "value": 1
    },
    {
      "source": 27,
      "target": 28,
      "value": 2
    },
    {
      "source": 29,
      "target": 27,
      "value": 2
    },
    {
      "source": 29,
      "target": 28,
      "value": 2
    },
    {
      "source": 20,
      "target": 4,
      "value": 107
    },
    {
      "source": 4,
      "target": 25,
      "value": 2
    },
    {
      "source": 20,
      "target": 5,
      "value": 20
    },
    {
      "source": 25,
      "target": 5,
      "value": 1
    },
    {
      "source": 27,
      "target": 21,
      "value": 4
    },
    {
      "source": 24,
      "target": 21,
      "value": 1
    },
    {
      "source": 24,
      "target": 27,
      "value": 2
    },
    {
      "source": 24,
      "target": 22,
      "value": 1
    },
    {
      "source": 27,
      "target": 25,
      "value": 6
    },
    {
      "source": 22,
      "target": 25,
      "value": 4
    },
    {
      "source": 27,
      "target": 22,
      "value": 4
    },
    {
      "source": 26,
      "target": 4,
      "value": 6
    },
    {
      "source": 30,
      "target": 4,
      "value": 2
    },
    {
      "source": 4,
      "target": 22,
      "value": 2
    },
    {
      "source": 20,
      "target": 30,
      "value": 5
    },
    {
      "source": 30,
      "target": 22,
      "value": 5
    },
    {
      "source": 30,
      "target": 31,
      "value": 1
    },
    {
      "source": 31,
      "target": 22,
      "value": 2
    },
    {
      "source": 31,
      "target": 19,
      "value": 10
    },
    {
      "source": 20,
      "target": 31,
      "value": 1
    },
    {
      "source": 31,
      "target": 17,
      "value": 2
    },
    {
      "source": 31,
      "target": 1,
      "value": 2
    },
    {
      "source": 31,
      "target": 14,
      "value": 2
    },
    {
      "source": 31,
      "target": 25,
      "value": 2
    },
    {
      "source": 31,
      "target": 27,
      "value": 2
    },
    {
      "source": 30,
      "target": 14,
      "value": 4
    },
    {
      "source": 30,
      "target": 17,
      "value": 3
    },
    {
      "source": 30,
      "target": 1,
      "value": 3
    },
    {
      "source": 30,
      "target": 25,
      "value": 3
    },
    {
      "source": 4,
      "target": 21,
      "value": 2
    },
    {
      "source": 27,
      "target": 4,
      "value": 1
    },
    {
      "source": 30,
      "target": 19,
      "value": 2
    },
    {
      "source": 30,
      "target": 21,
      "value": 2
    },
    {
      "source": 30,
      "target": 27,
      "value": 2
    },
    {
      "source": 23,
      "target": 21,
      "value": 1
    },
    {
      "source": 26,
      "target": 1,
      "value": 8
    },
    {
      "source": 20,
      "target": 12,
      "value": 12
    },
    {
      "source": 20,
      "target": 18,
      "value": 6
    },
    {
      "source": 18,
      "target": 21,
      "value": 1
    },
    {
      "source": 19,
      "target": 13,
      "value": 2
    },
    {
      "source": 20,
      "target": 13,
      "value": 4
    },
    {
      "source": 11,
      "target": 9,
      "value": 4
    },
    {
      "source": 11,
      "target": 10,
      "value": 5
    },
    {
      "source": 12,
      "target": 9,
      "value": 4
    },
    {
      "source": 20,
      "target": 9,
      "value": 1
    },
    {
      "source": 20,
      "target": 10,
      "value": 6
    },
    {
      "source": 17,
      "target": 9,
      "value": 1
    },
    {
      "source": 14,
      "target": 9,
      "value": 2
    },
    {
      "source": 10,
      "target": 9,
      "value": 3
    },
    {
      "source": 11,
      "target": 32,
      "value": 9
    },
    {
      "source": 11,
      "target": 33,
      "value": 6
    },
    {
      "source": 11,
      "target": 5,
      "value": 17
    },
    {
      "source": 33,
      "target": 32,
      "value": 10
    },
    {
      "source": 32,
      "target": 4,
      "value": 20
    },
    {
      "source": 20,
      "target": 32,
      "value": 18
    },
    {
      "source": 32,
      "target": 17,
      "value": 8
    },
    {
      "source": 32,
      "target": 1,
      "value": 3
    },
    {
      "source": 32,
      "target": 5,
      "value": 18
    },
    {
      "source": 32,
      "target": 10,
      "value": 1
    },
    {
      "source": 33,
      "target": 4,
      "value": 8
    },
    {
      "source": 20,
      "target": 33,
      "value": 7
    },
    {
      "source": 33,
      "target": 17,
      "value": 2
    },
    {
      "source": 33,
      "target": 1,
      "value": 2
    },
    {
      "source": 33,
      "target": 5,
      "value": 10
    },
    {
      "source": 33,
      "target": 10,
      "value": 1
    },
    {
      "source": 17,
      "target": 5,
      "value": 7
    },
    {
      "source": 10,
      "target": 5,
      "value": 1
    },
    {
      "source": 34,
      "target": 11,
      "value": 11
    },
    {
      "source": 34,
      "target": 12,
      "value": 2
    },
    {
      "source": 34,
      "target": 9,
      "value": 2
    },
    {
      "source": 34,
      "target": 10,
      "value": 1
    },
    {
      "source": 34,
      "target": 14,
      "value": 6
    },
    {
      "source": 11,
      "target": 19,
      "value": 14
    },
    {
      "source": 26,
      "target": 0,
      "value": 4
    },
    {
      "source": 26,
      "target": 7,
      "value": 4
    },
    {
      "source": 16,
      "target": 19,
      "value": 3
    },
    {
      "source": 16,
      "target": 12,
      "value": 3
    },
    {
      "source": 20,
      "target": 16,
      "value": 4
    },
    {
      "source": 16,
      "target": 17,
      "value": 2
    },
    {
      "source": 16,
      "target": 10,
      "value": 1
    },
    {
      "source": 11,
      "target": 35,
      "value": 2
    },
    {
      "source": 14,
      "target": 0,
      "value": 1
    },
    {
      "source": 35,
      "target": 0,
      "value": 1
    },
    {
      "source": 35,
      "target": 1,
      "value": 1
    },
    {
      "source": 14,
      "target": 7,
      "value": 1
    },
    {
      "source": 26,
      "target": 14,
      "value": 1
    },
    {
      "source": 35,
      "target": 14,
      "value": 4
    },
    {
      "source": 35,
      "target": 7,
      "value": 1
    },
    {
      "source": 26,
      "target": 35,
      "value": 1
    },
    {
      "source": 26,
      "target": 19,
      "value": 1
    },
    {
      "source": 12,
      "target": 26,
      "value": 1
    },
    {
      "source": 26,
      "target": 17,
      "value": 1
    },
    {
      "source": 36,
      "target": 18,
      "value": 4
    },
    {
      "source": 19,
      "target": 18,
      "value": 2
    },
    {
      "source": 36,
      "target": 19,
      "value": 2
    },
    {
      "source": 20,
      "target": 36,
      "value": 2
    },
    {
      "source": 6,
      "target": 8,
      "value": 1
    },
    {
      "source": 37,
      "target": 18,
      "value": 2
    },
    {
      "source": 37,
      "target": 36,
      "value": 2
    },
    {
      "source": 37,
      "target": 19,
      "value": 1
    },
    {
      "source": 20,
      "target": 37,
      "value": 1
    },
    {
      "source": 0,
      "target": 5,
      "value": 1
    },
    {
      "source": 12,
      "target": 5,
      "value": 2
    },
    {
      "source": 7,
      "target": 5,
      "value": 1
    },
    {
      "source": 16,
      "target": 11,
      "value": 2
    },
    {
      "source": 12,
      "target": 32,
      "value": 1
    },
    {
      "source": 32,
      "target": 13,
      "value": 1
    },
    {
      "source": 14,
      "target": 32,
      "value": 5
    },
    {
      "source": 16,
      "target": 32,
      "value": 1
    },
    {
      "source": 13,
      "target": 5,
      "value": 1
    },
    {
      "source": 16,
      "target": 13,
      "value": 2
    },
    {
      "source": 14,
      "target": 5,
      "value": 4
    },
    {
      "source": 16,
      "target": 5,
      "value": 1
    },
    {
      "source": 35,
      "target": 19,
      "value": 1
    },
    {
      "source": 35,
      "target": 13,
      "value": 1
    },
    {
      "source": 35,
      "target": 4,
      "value": 1
    },
    {
      "source": 20,
      "target": 35,
      "value": 1
    },
    {
      "source": 16,
      "target": 35,
      "value": 1
    },
    {
      "source": 39,
      "target": 19,
      "value": 4
    },
    {
      "source": 39,
      "target": 17,
      "value": 10
    },
    {
      "source": 39,
      "target": 14,
      "value": 5
    },
    {
      "source": 39,
      "target": 11,
      "value": 3
    },
    {
      "source": 11,
      "target": 40,
      "value": 2
    },
    {
      "source": 11,
      "target": 41,
      "value": 3
    },
    {
      "source": 17,
      "target": 40,
      "value": 1
    },
    {
      "source": 41,
      "target": 17,
      "value": 1
    },
    {
      "source": 14,
      "target": 40,
      "value": 2
    },
    {
      "source": 14,
      "target": 41,
      "value": 3
    },
    {
      "source": 39,
      "target": 40,
      "value": 1
    },
    {
      "source": 39,
      "target": 41,
      "value": 2
    },
    {
      "source": 41,
      "target": 40,
      "value": 1
    },
    {
      "source": 38,
      "target": 11,
      "value": 13
    },
    {
      "source": 34,
      "target": 32,
      "value": 3
    },
    {
      "source": 34,
      "target": 38,
      "value": 4
    },
    {
      "source": 34,
      "target": 33,
      "value": 2
    },
    {
      "source": 34,
      "target": 4,
      "value": 13
    },
    {
      "source": 34,
      "target": 5,
      "value": 14
    },
    {
      "source": 34,
      "target": 39,
      "value": 2
    },
    {
      "source": 34,
      "target": 41,
      "value": 1
    },
    {
      "source": 38,
      "target": 32,
      "value": 7
    },
    {
      "source": 39,
      "target": 32,
      "value": 2
    },
    {
      "source": 32,
      "target": 41,
      "value": 1
    },
    {
      "source": 38,
      "target": 33,
      "value": 3
    },
    {
      "source": 38,
      "target": 4,
      "value": 20
    },
    {
      "source": 38,
      "target": 5,
      "value": 5
    },
    {
      "source": 38,
      "target": 14,
      "value": 3
    },
    {
      "source": 39,
      "target": 38,
      "value": 1
    },
    {
      "source": 38,
      "target": 41,
      "value": 1
    },
    {
      "source": 14,
      "target": 33,
      "value": 2
    },
    {
      "source": 39,
      "target": 33,
      "value": 1
    },
    {
      "source": 33,
      "target": 41,
      "value": 1
    },
    {
      "source": 39,
      "target": 4,
      "value": 7
    },
    {
      "source": 4,
      "target": 41,
      "value": 1
    },
    {
      "source": 39,
      "target": 5,
      "value": 1
    },
    {
      "source": 41,
      "target": 5,
      "value": 1
    },
    {
      "source": 20,
      "target": 39,
      "value": 6
    },
    {
      "source": 4,
      "target": 3,
      "value": 1
    },
    {
      "source": 38,
      "target": 0,
      "value": 4
    },
    {
      "source": 20,
      "target": 0,
      "value": 7
    },
    {
      "source": 38,
      "target": 13,
      "value": 1
    },
    {
      "source": 20,
      "target": 38,
      "value": 20
    },
    {
      "source": 38,
      "target": 17,
      "value": 13
    },
    {
      "source": 38,
      "target": 1,
      "value": 1
    },
    {
      "source": 20,
      "target": 42,
      "value": 3
    },
    {
      "source": 20,
      "target": 43,
      "value": 2
    },
    {
      "source": 20,
      "target": 44,
      "value": 2
    },
    {
      "source": 17,
      "target": 42,
      "value": 2
    },
    {
      "source": 43,
      "target": 17,
      "value": 2
    },
    {
      "source": 17,
      "target": 44,
      "value": 2
    },
    {
      "source": 43,
      "target": 42,
      "value": 1
    },
    {
      "source": 42,
      "target": 44,
      "value": 1
    },
    {
      "source": 43,
      "target": 44,
      "value": 2
    },
    {
      "source": 4,
      "target": 45,
      "value": 9
    },
    {
      "source": 46,
      "target": 4,
      "value": 7
    },
    {
      "source": 46,
      "target": 45,
      "value": 5
    },
    {
      "source": 47,
      "target": 4,
      "value": 13
    },
    {
      "source": 47,
      "target": 46,
      "value": 2
    },
    {
      "source": 47,
      "target": 45,
      "value": 5
    },
    {
      "source": 38,
      "target": 46,
      "value": 1
    },
    {
      "source": 48,
      "target": 47,
      "value": 8
    },
    {
      "source": 48,
      "target": 4,
      "value": 9
    },
    {
      "source": 48,
      "target": 45,
      "value": 2
    },
    {
      "source": 20,
      "target": 49,
      "value": 1
    },
    {
      "source": 17,
      "target": 49,
      "value": 1
    },
    {
      "source": 25,
      "target": 49,
      "value": 1
    },
    {
      "source": 49,
      "target": 21,
      "value": 1
    },
    {
      "source": 50,
      "target": 24,
      "value": 5
    },
    {
      "source": 24,
      "target": 51,
      "value": 7
    },
    {
      "source": 24,
      "target": 52,
      "value": 2
    },
    {
      "source": 20,
      "target": 50,
      "value": 3
    },
    {
      "source": 50,
      "target": 17,
      "value": 4
    },
    {
      "source": 50,
      "target": 25,
      "value": 1
    },
    {
      "source": 50,
      "target": 51,
      "value": 9
    },
    {
      "source": 50,
      "target": 52,
      "value": 4
    },
    {
      "source": 20,
      "target": 51,
      "value": 5
    },
    {
      "source": 20,
      "target": 52,
      "value": 3
    },
    {
      "source": 51,
      "target": 17,
      "value": 5
    },
    {
      "source": 52,
      "target": 17,
      "value": 3
    },
    {
      "source": 51,
      "target": 25,
      "value": 1
    },
    {
      "source": 52,
      "target": 25,
      "value": 1
    },
    {
      "source": 52,
      "target": 51,
      "value": 3
    },
    {
      "source": 11,
      "target": 47,
      "value": 2
    },
    {
      "source": 34,
      "target": 47,
      "value": 1
    },
    {
      "source": 34,
      "target": 40,
      "value": 1
    },
    {
      "source": 47,
      "target": 32,
      "value": 3
    },
    {
      "source": 32,
      "target": 40,
      "value": 1
    },
    {
      "source": 38,
      "target": 47,
      "value": 4
    },
    {
      "source": 38,
      "target": 40,
      "value": 1
    },
    {
      "source": 47,
      "target": 33,
      "value": 1
    },
    {
      "source": 47,
      "target": 5,
      "value": 1
    },
    {
      "source": 47,
      "target": 14,
      "value": 1
    },
    {
      "source": 47,
      "target": 40,
      "value": 1
    },
    {
      "source": 33,
      "target": 40,
      "value": 1
    },
    {
      "source": 4,
      "target": 40,
      "value": 1
    },
    {
      "source": 40,
      "target": 5,
      "value": 1
    },
    {
      "source": 24,
      "target": 38,
      "value": 5
    },
    {
      "source": 24,
      "target": 4,
      "value": 29
    },
    {
      "source": 38,
      "target": 19,
      "value": 7
    },
    {
      "source": 50,
      "target": 19,
      "value": 3
    },
    {
      "source": 51,
      "target": 19,
      "value": 4
    },
    {
      "source": 52,
      "target": 19,
      "value": 1
    },
    {
      "source": 24,
      "target": 32,
      "value": 3
    },
    {
      "source": 32,
      "target": 19,
      "value": 3
    },
    {
      "source": 20,
      "target": 47,
      "value": 4
    },
    {
      "source": 47,
      "target": 17,
      "value": 4
    },
    {
      "source": 0,
      "target": 53,
      "value": 4
    },
    {
      "source": 0,
      "target": 54,
      "value": 2
    },
    {
      "source": 38,
      "target": 53,
      "value": 3
    },
    {
      "source": 38,
      "target": 54,
      "value": 2
    },
    {
      "source": 20,
      "target": 53,
      "value": 3
    },
    {
      "source": 20,
      "target": 54,
      "value": 2
    },
    {
      "source": 17,
      "target": 53,
      "value": 2
    },
    {
      "source": 17,
      "target": 54,
      "value": 2
    },
    {
      "source": 53,
      "target": 54,
      "value": 2
    },
    {
      "source": 48,
      "target": 0,
      "value": 1
    },
    {
      "source": 47,
      "target": 0,
      "value": 1
    },
    {
      "source": 48,
      "target": 38,
      "value": 3
    },
    {
      "source": 20,
      "target": 48,
      "value": 3
    },
    {
      "source": 48,
      "target": 17,
      "value": 3
    },
    {
      "source": 48,
      "target": 53,
      "value": 1
    },
    {
      "source": 48,
      "target": 54,
      "value": 1
    },
    {
      "source": 47,
      "target": 53,
      "value": 1
    },
    {
      "source": 47,
      "target": 54,
      "value": 1
    },
    {
      "source": 4,
      "target": 53,
      "value": 2
    },
    {
      "source": 4,
      "target": 54,
      "value": 1
    },
    {
      "source": 48,
      "target": 32,
      "value": 2
    },
    {
      "source": 33,
      "target": 55,
      "value": 4
    },
    {
      "source": 48,
      "target": 33,
      "value": 1
    },
    {
      "source": 48,
      "target": 5,
      "value": 1
    },
    {
      "source": 32,
      "target": 55,
      "value": 3
    },
    {
      "source": 4,
      "target": 55,
      "value": 3
    },
    {
      "source": 55,
      "target": 5,
      "value": 3
    },
    {
      "source": 11,
      "target": 56,
      "value": 14
    },
    {
      "source": 38,
      "target": 56,
      "value": 8
    },
    {
      "source": 56,
      "target": 4,
      "value": 20
    },
    {
      "source": 56,
      "target": 19,
      "value": 6
    },
    {
      "source": 20,
      "target": 56,
      "value": 14
    },
    {
      "source": 4,
      "target": 57,
      "value": 3
    },
    {
      "source": 4,
      "target": 58,
      "value": 2
    },
    {
      "source": 20,
      "target": 57,
      "value": 2
    },
    {
      "source": 20,
      "target": 58,
      "value": 2
    },
    {
      "source": 58,
      "target": 57,
      "value": 2
    },
    {
      "source": 19,
      "target": 57,
      "value": 2
    },
    {
      "source": 58,
      "target": 19,
      "value": 1
    },
    {
      "source": 24,
      "target": 11,
      "value": 5
    },
    {
      "source": 34,
      "target": 24,
      "value": 7
    },
    {
      "source": 24,
      "target": 56,
      "value": 2
    },
    {
      "source": 34,
      "target": 19,
      "value": 6
    },
    {
      "source": 20,
      "target": 34,
      "value": 3
    },
    {
      "source": 34,
      "target": 56,
      "value": 2
    },
    {
      "source": 56,
      "target": 32,
      "value": 6
    },
    {
      "source": 56,
      "target": 14,
      "value": 1
    },
    {
      "source": 34,
      "target": 17,
      "value": 8
    },
    {
      "source": 56,
      "target": 17,
      "value": 3
    },
    {
      "source": 11,
      "target": 59,
      "value": 2
    },
    {
      "source": 11,
      "target": 60,
      "value": 2
    },
    {
      "source": 11,
      "target": 61,
      "value": 1
    },
    {
      "source": 34,
      "target": 59,
      "value": 2
    },
    {
      "source": 34,
      "target": 60,
      "value": 2
    },
    {
      "source": 34,
      "target": 61,
      "value": 2
    },
    {
      "source": 59,
      "target": 17,
      "value": 2
    },
    {
      "source": 60,
      "target": 17,
      "value": 3
    },
    {
      "source": 61,
      "target": 17,
      "value": 2
    },
    {
      "source": 60,
      "target": 59,
      "value": 2
    },
    {
      "source": 61,
      "target": 59,
      "value": 2
    },
    {
      "source": 60,
      "target": 61,
      "value": 2
    },
    {
      "source": 11,
      "target": 55,
      "value": 2
    },
    {
      "source": 56,
      "target": 33,
      "value": 3
    },
    {
      "source": 20,
      "target": 55,
      "value": 2
    },
    {
      "source": 56,
      "target": 5,
      "value": 3
    },
    {
      "source": 56,
      "target": 55,
      "value": 2
    },
    {
      "source": 24,
      "target": 39,
      "value": 3
    },
    {
      "source": 62,
      "target": 5,
      "value": 2
    },
    {
      "source": 24,
      "target": 59,
      "value": 2
    },
    {
      "source": 24,
      "target": 60,
      "value": 1
    },
    {
      "source": 24,
      "target": 61,
      "value": 1
    },
    {
      "source": 63,
      "target": 4,
      "value": 2
    },
    {
      "source": 20,
      "target": 63,
      "value": 2
    },
    {
      "source": 4,
      "target": 64,
      "value": 1
    },
    {
      "source": 56,
      "target": 64,
      "value": 2
    },
    {
      "source": 11,
      "target": 53,
      "value": 1
    },
    {
      "source": 56,
      "target": 0,
      "value": 1
    },
    {
      "source": 38,
      "target": 7,
      "value": 1
    },
    {
      "source": 56,
      "target": 7,
      "value": 1
    },
    {
      "source": 56,
      "target": 53,
      "value": 1
    },
    {
      "source": 53,
      "target": 7,
      "value": 2
    },
    {
      "source": 20,
      "target": 60,
      "value": 1
    },
    {
      "source": 63,
      "target": 32,
      "value": 1
    },
    {
      "source": 63,
      "target": 33,
      "value": 1
    },
    {
      "source": 63,
      "target": 5,
      "value": 1
    },
    {
      "source": 63,
      "target": 56,
      "value": 1
    },
    {
      "source": 65,
      "target": 11,
      "value": 34
    },
    {
      "source": 65,
      "target": 32,
      "value": 1
    },
    {
      "source": 20,
      "target": 65,
      "value": 11
    },
    {
      "source": 65,
      "target": 17,
      "value": 4
    },
    {
      "source": 65,
      "target": 56,
      "value": 1
    },
    {
      "source": 65,
      "target": 4,
      "value": 19
    },
    {
      "source": 63,
      "target": 11,
      "value": 1
    },
    {
      "source": 62,
      "target": 11,
      "value": 1
    },
    {
      "source": 66,
      "target": 5,
      "value": 4
    },
    {
      "source": 66,
      "target": 62,
      "value": 1
    },
    {
      "source": 34,
      "target": 67,
      "value": 2
    },
    {
      "source": 65,
      "target": 0,
      "value": 2
    },
    {
      "source": 20,
      "target": 7,
      "value": 2
    },
    {
      "source": 65,
      "target": 5,
      "value": 7
    },
    {
      "source": 38,
      "target": 65,
      "value": 1
    },
    {
      "source": 34,
      "target": 1,
      "value": 2
    },
    {
      "source": 24,
      "target": 5,
      "value": 3
    },
    {
      "source": 19,
      "target": 5,
      "value": 11
    },
    {
      "source": 24,
      "target": 68,
      "value": 71
    },
    {
      "source": 24,
      "target": 69,
      "value": 92
    },
    {
      "source": 68,
      "target": 19,
      "value": 74
    },
    {
      "source": 69,
      "target": 19,
      "value": 45
    },
    {
      "source": 34,
      "target": 68,
      "value": 1
    },
    {
      "source": 34,
      "target": 69,
      "value": 1
    },
    {
      "source": 68,
      "target": 4,
      "value": 53
    },
    {
      "source": 69,
      "target": 4,
      "value": 12
    },
    {
      "source": 69,
      "target": 68,
      "value": 75
    },
    {
      "source": 68,
      "target": 17,
      "value": 1
    },
    {
      "source": 68,
      "target": 5,
      "value": 11
    },
    {
      "source": 69,
      "target": 17,
      "value": 1
    },
    {
      "source": 69,
      "target": 5,
      "value": 4
    },
    {
      "source": 24,
      "target": 67,
      "value": 2
    },
    {
      "source": 67,
      "target": 19,
      "value": 2
    },
    {
      "source": 65,
      "target": 70,
      "value": 11
    },
    {
      "source": 11,
      "target": 70,
      "value": 3
    },
    {
      "source": 50,
      "target": 4,
      "value": 3
    },
    {
      "source": 4,
      "target": 51,
      "value": 5
    },
    {
      "source": 24,
      "target": 71,
      "value": 1
    },
    {
      "source": 19,
      "target": 71,
      "value": 1
    },
    {
      "source": 65,
      "target": 71,
      "value": 1
    },
    {
      "source": 65,
      "target": 69,
      "value": 18
    },
    {
      "source": 69,
      "target": 71,
      "value": 2
    },
    {
      "source": 72,
      "target": 68,
      "value": 19
    },
    {
      "source": 73,
      "target": 68,
      "value": 2
    },
    {
      "source": 72,
      "target": 73,
      "value": 2
    },
    {
      "source": 65,
      "target": 49,
      "value": 3
    },
    {
      "source": 69,
      "target": 49,
      "value": 3
    },
    {
      "source": 68,
      "target": 51,
      "value": 10
    },
    {
      "source": 72,
      "target": 51,
      "value": 2
    },
    {
      "source": 50,
      "target": 68,
      "value": 5
    },
    {
      "source": 72,
      "target": 4,
      "value": 3
    },
    {
      "source": 67,
      "target": 4,
      "value": 1
    },
    {
      "source": 4,
      "target": 49,
      "value": 2
    },
    {
      "source": 72,
      "target": 24,
      "value": 5
    },
    {
      "source": 24,
      "target": 49,
      "value": 2
    },
    {
      "source": 72,
      "target": 19,
      "value": 2
    },
    {
      "source": 19,
      "target": 49,
      "value": 1
    },
    {
      "source": 50,
      "target": 69,
      "value": 1
    },
    {
      "source": 50,
      "target": 72,
      "value": 2
    },
    {
      "source": 50,
      "target": 67,
      "value": 1
    },
    {
      "source": 50,
      "target": 49,
      "value": 1
    },
    {
      "source": 67,
      "target": 68,
      "value": 1
    },
    {
      "source": 68,
      "target": 49,
      "value": 2
    },
    {
      "source": 72,
      "target": 69,
      "value": 5
    },
    {
      "source": 67,
      "target": 69,
      "value": 1
    },
    {
      "source": 72,
      "target": 67,
      "value": 1
    },
    {
      "source": 72,
      "target": 49,
      "value": 1
    },
    {
      "source": 67,
      "target": 49,
      "value": 1
    },
    {
      "source": 24,
      "target": 65,
      "value": 4
    },
    {
      "source": 65,
      "target": 19,
      "value": 6
    },
    {
      "source": 65,
      "target": 68,
      "value": 43
    },
    {
      "source": 65,
      "target": 74,
      "value": 2
    },
    {
      "source": 11,
      "target": 74,
      "value": 2
    },
    {
      "source": 74,
      "target": 70,
      "value": 2
    },
    {
      "source": 66,
      "target": 4,
      "value": 14
    },
    {
      "source": 24,
      "target": 66,
      "value": 75
    },
    {
      "source": 66,
      "target": 68,
      "value": 71
    },
    {
      "source": 75,
      "target": 4,
      "value": 16
    },
    {
      "source": 66,
      "target": 75,
      "value": 148
    },
    {
      "source": 75,
      "target": 68,
      "value": 85
    },
    {
      "source": 75,
      "target": 31,
      "value": 11
    },
    {
      "source": 29,
      "target": 75,
      "value": 2
    },
    {
      "source": 29,
      "target": 31,
      "value": 2
    },
    {
      "source": 69,
      "target": 70,
      "value": 2
    },
    {
      "source": 66,
      "target": 31,
      "value": 7
    },
    {
      "source": 66,
      "target": 29,
      "value": 1
    },
    {
      "source": 24,
      "target": 75,
      "value": 74
    },
    {
      "source": 75,
      "target": 19,
      "value": 36
    },
    {
      "source": 11,
      "target": 69,
      "value": 5
    },
    {
      "source": 69,
      "target": 74,
      "value": 1
    },
    {
      "source": 66,
      "target": 19,
      "value": 37
    },
    {
      "source": 66,
      "target": 69,
      "value": 92
    },
    {
      "source": 75,
      "target": 69,
      "value": 104
    },
    {
      "source": 4,
      "target": 70,
      "value": 2
    },
    {
      "source": 66,
      "target": 71,
      "value": 1
    },
    {
      "source": 68,
      "target": 71,
      "value": 1
    },
    {
      "source": 75,
      "target": 71,
      "value": 1
    },
    {
      "source": 66,
      "target": 65,
      "value": 7
    },
    {
      "source": 65,
      "target": 75,
      "value": 14
    },
    {
      "source": 19,
      "target": 76,
      "value": 3
    },
    {
      "source": 77,
      "target": 19,
      "value": 1
    },
    {
      "source": 78,
      "target": 19,
      "value": 3
    },
    {
      "source": 66,
      "target": 76,
      "value": 2
    },
    {
      "source": 66,
      "target": 77,
      "value": 1
    },
    {
      "source": 66,
      "target": 78,
      "value": 2
    },
    {
      "source": 68,
      "target": 76,
      "value": 14
    },
    {
      "source": 77,
      "target": 68,
      "value": 1
    },
    {
      "source": 78,
      "target": 68,
      "value": 5
    },
    {
      "source": 75,
      "target": 76,
      "value": 3
    },
    {
      "source": 77,
      "target": 75,
      "value": 2
    },
    {
      "source": 78,
      "target": 75,
      "value": 3
    },
    {
      "source": 69,
      "target": 76,
      "value": 7
    },
    {
      "source": 77,
      "target": 69,
      "value": 3
    },
    {
      "source": 78,
      "target": 69,
      "value": 7
    },
    {
      "source": 77,
      "target": 76,
      "value": 6
    },
    {
      "source": 78,
      "target": 76,
      "value": 5
    },
    {
      "source": 78,
      "target": 77,
      "value": 2
    },
    {
      "source": 78,
      "target": 4,
      "value": 1
    },
    {
      "source": 24,
      "target": 57,
      "value": 4
    },
    {
      "source": 24,
      "target": 78,
      "value": 5
    },
    {
      "source": 68,
      "target": 57,
      "value": 11
    },
    {
      "source": 75,
      "target": 57,
      "value": 1
    },
    {
      "source": 72,
      "target": 75,
      "value": 1
    },
    {
      "source": 69,
      "target": 57,
      "value": 7
    },
    {
      "source": 72,
      "target": 57,
      "value": 5
    },
    {
      "source": 78,
      "target": 57,
      "value": 5
    },
    {
      "source": 72,
      "target": 78,
      "value": 5
    },
    {
      "source": 57,
      "target": 76,
      "value": 6
    },
    {
      "source": 77,
      "target": 57,
      "value": 3
    },
    {
      "source": 24,
      "target": 76,
      "value": 5
    },
    {
      "source": 72,
      "target": 76,
      "value": 5
    },
    {
      "source": 68,
      "target": 79,
      "value": 2
    },
    {
      "source": 69,
      "target": 79,
      "value": 1
    },
    {
      "source": 57,
      "target": 79,
      "value": 1
    },
    {
      "source": 24,
      "target": 77,
      "value": 1
    },
    {
      "source": 72,
      "target": 77,
      "value": 1
    },
    {
      "source": 80,
      "target": 77,
      "value": 2
    },
    {
      "source": 24,
      "target": 80,
      "value": 1
    },
    {
      "source": 80,
      "target": 69,
      "value": 1
    },
    {
      "source": 65,
      "target": 77,
      "value": 1
    },
    {
      "source": 80,
      "target": 57,
      "value": 2
    },
    {
      "source": 80,
      "target": 68,
      "value": 1
    },
    {
      "source": 65,
      "target": 79,
      "value": 3
    },
    {
      "source": 65,
      "target": 57,
      "value": 2
    },
    {
      "source": 65,
      "target": 76,
      "value": 1
    },
    {
      "source": 72,
      "target": 65,
      "value": 1
    },
    {
      "source": 75,
      "target": 49,
      "value": 3
    },
    {
      "source": 75,
      "target": 81,
      "value": 4
    },
    {
      "source": 31,
      "target": 69,
      "value": 10
    },
    {
      "source": 69,
      "target": 81,
      "value": 6
    },
    {
      "source": 31,
      "target": 81,
      "value": 1
    },
    {
      "source": 24,
      "target": 82,
      "value": 1
    },
    {
      "source": 82,
      "target": 19,
      "value": 1
    },
    {
      "source": 66,
      "target": 82,
      "value": 1
    },
    {
      "source": 82,
      "target": 68,
      "value": 1
    },
    {
      "source": 82,
      "target": 69,
      "value": 2
    },
    {
      "source": 75,
      "target": 5,
      "value": 4
    },
    {
      "source": 75,
      "target": 83,
      "value": 2
    },
    {
      "source": 24,
      "target": 81,
      "value": 2
    },
    {
      "source": 19,
      "target": 81,
      "value": 1
    },
    {
      "source": 66,
      "target": 81,
      "value": 2
    },
    {
      "source": 68,
      "target": 81,
      "value": 2
    },
    {
      "source": 65,
      "target": 84,
      "value": 9
    },
    {
      "source": 65,
      "target": 85,
      "value": 2
    },
    {
      "source": 85,
      "target": 84,
      "value": 2
    },
    {
      "source": 86,
      "target": 68,
      "value": 4
    },
    {
      "source": 87,
      "target": 76,
      "value": 3
    },
    {
      "source": 68,
      "target": 83,
      "value": 2
    },
    {
      "source": 65,
      "target": 88,
      "value": 4
    },
    {
      "source": 11,
      "target": 84,
      "value": 2
    },
    {
      "source": 11,
      "target": 88,
      "value": 1
    },
    {
      "source": 88,
      "target": 84,
      "value": 2
    },
    {
      "source": 11,
      "target": 68,
      "value": 16
    },
    {
      "source": 48,
      "target": 65,
      "value": 5
    },
    {
      "source": 48,
      "target": 84,
      "value": 1
    },
    {
      "source": 24,
      "target": 89,
      "value": 24
    },
    {
      "source": 66,
      "target": 89,
      "value": 38
    },
    {
      "source": 75,
      "target": 89,
      "value": 35
    },
    {
      "source": 89,
      "target": 69,
      "value": 34
    },
    {
      "source": 11,
      "target": 75,
      "value": 3
    },
    {
      "source": 48,
      "target": 75,
      "value": 9
    },
    {
      "source": 48,
      "target": 89,
      "value": 9
    },
    {
      "source": 65,
      "target": 89,
      "value": 7
    },
    {
      "source": 48,
      "target": 69,
      "value": 5
    },
    {
      "source": 48,
      "target": 31,
      "value": 3
    },
    {
      "source": 65,
      "target": 31,
      "value": 1
    },
    {
      "source": 31,
      "target": 89,
      "value": 9
    },
    {
      "source": 89,
      "target": 68,
      "value": 21
    },
    {
      "source": 11,
      "target": 89,
      "value": 2
    },
    {
      "source": 48,
      "target": 24,
      "value": 5
    },
    {
      "source": 48,
      "target": 66,
      "value": 6
    },
    {
      "source": 48,
      "target": 19,
      "value": 2
    },
    {
      "source": 89,
      "target": 19,
      "value": 10
    },
    {
      "source": 48,
      "target": 68,
      "value": 3
    },
    {
      "source": 31,
      "target": 68,
      "value": 14
    },
    {
      "source": 65,
      "target": 90,
      "value": 2
    },
    {
      "source": 11,
      "target": 90,
      "value": 2
    },
    {
      "source": 11,
      "target": 49,
      "value": 2
    },
    {
      "source": 90,
      "target": 49,
      "value": 2
    },
    {
      "source": 24,
      "target": 31,
      "value": 13
    },
    {
      "source": 91,
      "target": 24,
      "value": 5
    },
    {
      "source": 91,
      "target": 19,
      "value": 2
    },
    {
      "source": 91,
      "target": 68,
      "value": 4
    },
    {
      "source": 91,
      "target": 31,
      "value": 6
    },
    {
      "source": 91,
      "target": 75,
      "value": 3
    },
    {
      "source": 92,
      "target": 24,
      "value": 2
    },
    {
      "source": 91,
      "target": 48,
      "value": 1
    },
    {
      "source": 48,
      "target": 92,
      "value": 1
    },
    {
      "source": 91,
      "target": 66,
      "value": 1
    },
    {
      "source": 91,
      "target": 89,
      "value": 3
    },
    {
      "source": 91,
      "target": 92,
      "value": 2
    },
    {
      "source": 92,
      "target": 66,
      "value": 1
    },
    {
      "source": 92,
      "target": 75,
      "value": 2
    },
    {
      "source": 92,
      "target": 89,
      "value": 2
    },
    {
      "source": 92,
      "target": 31,
      "value": 2
    },
    {
      "source": 91,
      "target": 69,
      "value": 2
    },
    {
      "source": 92,
      "target": 69,
      "value": 1
    },
    {
      "source": 91,
      "target": 4,
      "value": 1
    },
    {
      "source": 31,
      "target": 4,
      "value": 1
    },
    {
      "source": 90,
      "target": 4,
      "value": 1
    },
    {
      "source": 65,
      "target": 51,
      "value": 1
    },
    {
      "source": 11,
      "target": 51,
      "value": 1
    },
    {
      "source": 20,
      "target": 68,
      "value": 5
    },
    {
      "source": 20,
      "target": 69,
      "value": 1
    },
    {
      "source": 69,
      "target": 51,
      "value": 1
    },
    {
      "source": 51,
      "target": 5,
      "value": 1
    },
    {
      "source": 93,
      "target": 24,
      "value": 2
    },
    {
      "source": 93,
      "target": 19,
      "value": 1
    },
    {
      "source": 59,
      "target": 19,
      "value": 1
    },
    {
      "source": 93,
      "target": 66,
      "value": 1
    },
    {
      "source": 66,
      "target": 11,
      "value": 1
    },
    {
      "source": 66,
      "target": 59,
      "value": 1
    },
    {
      "source": 93,
      "target": 11,
      "value": 1
    },
    {
      "source": 93,
      "target": 68,
      "value": 1
    },
    {
      "source": 93,
      "target": 75,
      "value": 4
    },
    {
      "source": 93,
      "target": 69,
      "value": 4
    },
    {
      "source": 93,
      "target": 89,
      "value": 6
    },
    {
      "source": 93,
      "target": 76,
      "value": 2
    },
    {
      "source": 93,
      "target": 59,
      "value": 1
    },
    {
      "source": 11,
      "target": 76,
      "value": 1
    },
    {
      "source": 68,
      "target": 59,
      "value": 1
    },
    {
      "source": 75,
      "target": 59,
      "value": 1
    },
    {
      "source": 69,
      "target": 59,
      "value": 1
    },
    {
      "source": 89,
      "target": 76,
      "value": 7
    },
    {
      "source": 89,
      "target": 59,
      "value": 1
    },
    {
      "source": 59,
      "target": 76,
      "value": 1
    },
    {
      "source": 68,
      "target": 84,
      "value": 1
    },
    {
      "source": 75,
      "target": 84,
      "value": 1
    },
    {
      "source": 89,
      "target": 57,
      "value": 2
    },
    {
      "source": 93,
      "target": 77,
      "value": 1
    },
    {
      "source": 77,
      "target": 89,
      "value": 5
    },
    {
      "source": 89,
      "target": 4,
      "value": 1
    },
    {
      "source": 20,
      "target": 66,
      "value": 1
    },
    {
      "source": 20,
      "target": 75,
      "value": 1
    },
    {
      "source": 20,
      "target": 89,
      "value": 1
    },
    {
      "source": 89,
      "target": 5,
      "value": 1
    },
    {
      "source": 96,
      "target": 95,
      "value": 4
    },
    {
      "source": 94,
      "target": 95,
      "value": 13
    },
    {
      "source": 94,
      "target": 96,
      "value": 3
    },
    {
      "source": 97,
      "target": 95,
      "value": 2
    },
    {
      "source": 98,
      "target": 97,
      "value": 1
    },
    {
      "source": 97,
      "target": 96,
      "value": 1
    },
    {
      "source": 98,
      "target": 95,
      "value": 1
    },
    {
      "source": 98,
      "target": 96,
      "value": 1
    },
    {
      "source": 98,
      "target": 99,
      "value": 4
    },
    {
      "source": 100,
      "target": 101,
      "value": 7
    },
    {
      "source": 94,
      "target": 100,
      "value": 37
    },
    {
      "source": 102,
      "target": 97,
      "value": 6
    },
    {
      "source": 94,
      "target": 101,
      "value": 5
    },
    {
      "source": 99,
      "target": 95,
      "value": 16
    },
    {
      "source": 97,
      "target": 103,
      "value": 2
    },
    {
      "source": 102,
      "target": 103,
      "value": 1
    },
    {
      "source": 99,
      "target": 68,
      "value": 5
    },
    {
      "source": 68,
      "target": 95,
      "value": 3
    },
    {
      "source": 99,
      "target": 102,
      "value": 1
    },
    {
      "source": 98,
      "target": 102,
      "value": 1
    },
    {
      "source": 97,
      "target": 104,
      "value": 7
    },
    {
      "source": 102,
      "target": 104,
      "value": 4
    },
    {
      "source": 99,
      "target": 101,
      "value": 3
    },
    {
      "source": 68,
      "target": 101,
      "value": 3
    },
    {
      "source": 95,
      "target": 101,
      "value": 1
    },
    {
      "source": 99,
      "target": 100,
      "value": 54
    },
    {
      "source": 94,
      "target": 99,
      "value": 26
    },
    {
      "source": 68,
      "target": 100,
      "value": 9
    },
    {
      "source": 95,
      "target": 100,
      "value": 4
    },
    {
      "source": 94,
      "target": 68,
      "value": 9
    },
    {
      "source": 99,
      "target": 97,
      "value": 7
    },
    {
      "source": 99,
      "target": 103,
      "value": 1
    },
    {
      "source": 66,
      "target": 101,
      "value": 3
    },
    {
      "source": 66,
      "target": 99,
      "value": 35
    },
    {
      "source": 66,
      "target": 100,
      "value": 32
    },
    {
      "source": 94,
      "target": 66,
      "value": 16
    },
    {
      "source": 75,
      "target": 101,
      "value": 3
    },
    {
      "source": 99,
      "target": 75,
      "value": 35
    },
    {
      "source": 75,
      "target": 100,
      "value": 31
    },
    {
      "source": 94,
      "target": 75,
      "value": 18
    },
    {
      "source": 105,
      "target": 66,
      "value": 2
    },
    {
      "source": 105,
      "target": 75,
      "value": 3
    },
    {
      "source": 105,
      "target": 94,
      "value": 2
    },
    {
      "source": 105,
      "target": 99,
      "value": 1
    },
    {
      "source": 105,
      "target": 100,
      "value": 1
    },
    {
      "source": 75,
      "target": 97,
      "value": 8
    },
    {
      "source": 102,
      "target": 75,
      "value": 1
    },
    {
      "source": 75,
      "target": 104,
      "value": 5
    },
    {
      "source": 66,
      "target": 106,
      "value": 5
    },
    {
      "source": 99,
      "target": 106,
      "value": 5
    },
    {
      "source": 106,
      "target": 100,
      "value": 6
    },
    {
      "source": 75,
      "target": 106,
      "value": 7
    },
    {
      "source": 94,
      "target": 106,
      "value": 7
    },
    {
      "source": 65,
      "target": 97,
      "value": 2
    },
    {
      "source": 99,
      "target": 69,
      "value": 6
    },
    {
      "source": 69,
      "target": 100,
      "value": 5
    },
    {
      "source": 69,
      "target": 106,
      "value": 2
    },
    {
      "source": 94,
      "target": 69,
      "value": 6
    },
    {
      "source": 19,
      "target": 101,
      "value": 1
    },
    {
      "source": 97,
      "target": 101,
      "value": 1
    },
    {
      "source": 19,
      "target": 100,
      "value": 3
    },
    {
      "source": 97,
      "target": 19,
      "value": 1
    },
    {
      "source": 94,
      "target": 19,
      "value": 4
    },
    {
      "source": 97,
      "target": 100,
      "value": 13
    },
    {
      "source": 97,
      "target": 68,
      "value": 4
    },
    {
      "source": 94,
      "target": 97,
      "value": 1
    },
    {
      "source": 68,
      "target": 106,
      "value": 1
    },
    {
      "source": 66,
      "target": 95,
      "value": 3
    },
    {
      "source": 66,
      "target": 49,
      "value": 1
    },
    {
      "source": 66,
      "target": 107,
      "value": 1
    },
    {
      "source": 99,
      "target": 49,
      "value": 3
    },
    {
      "source": 99,
      "target": 107,
      "value": 1
    },
    {
      "source": 75,
      "target": 95,
      "value": 4
    },
    {
      "source": 75,
      "target": 107,
      "value": 1
    },
    {
      "source": 95,
      "target": 49,
      "value": 5
    },
    {
      "source": 107,
      "target": 95,
      "value": 5
    },
    {
      "source": 107,
      "target": 49,
      "value": 2
    },
    {
      "source": 66,
      "target": 97,
      "value": 5
    },
    {
      "source": 24,
      "target": 106,
      "value": 1
    },
    {
      "source": 94,
      "target": 24,
      "value": 7
    },
    {
      "source": 93,
      "target": 99,
      "value": 2
    },
    {
      "source": 93,
      "target": 95,
      "value": 2
    },
    {
      "source": 69,
      "target": 95,
      "value": 6
    },
    {
      "source": 65,
      "target": 104,
      "value": 2
    },
    {
      "source": 68,
      "target": 104,
      "value": 2
    },
    {
      "source": 69,
      "target": 104,
      "value": 2
    },
    {
      "source": 65,
      "target": 100,
      "value": 1
    },
    {
      "source": 100,
      "target": 104,
      "value": 3
    },
    {
      "source": 102,
      "target": 68,
      "value": 1
    },
    {
      "source": 93,
      "target": 49,
      "value": 1
    },
    {
      "source": 93,
      "target": 108,
      "value": 1
    },
    {
      "source": 24,
      "target": 99,
      "value": 2
    },
    {
      "source": 24,
      "target": 95,
      "value": 5
    },
    {
      "source": 108,
      "target": 24,
      "value": 2
    },
    {
      "source": 108,
      "target": 99,
      "value": 1
    },
    {
      "source": 108,
      "target": 75,
      "value": 2
    },
    {
      "source": 108,
      "target": 69,
      "value": 2
    },
    {
      "source": 108,
      "target": 95,
      "value": 2
    },
    {
      "source": 108,
      "target": 49,
      "value": 1
    },
    {
      "source": 94,
      "target": 49,
      "value": 1
    },
    {
      "source": 98,
      "target": 66,
      "value": 2
    },
    {
      "source": 98,
      "target": 75,
      "value": 2
    },
    {
      "source": 98,
      "target": 100,
      "value": 1
    },
    {
      "source": 110,
      "target": 102,
      "value": 2
    },
    {
      "source": 111,
      "target": 95,
      "value": 3
    },
    {
      "source": 111,
      "target": 107,
      "value": 3
    },
    {
      "source": 97,
      "target": 49,
      "value": 1
    },
    {
      "source": 97,
      "target": 69,
      "value": 1
    },
    {
      "source": 66,
      "target": 104,
      "value": 2
    },
    {
      "source": 99,
      "target": 104,
      "value": 2
    },
    {
      "source": 112,
      "target": 95,
      "value": 2
    },
    {
      "source": 95,
      "target": 109,
      "value": 1
    },
    {
      "source": 107,
      "target": 112,
      "value": 2
    },
    {
      "source": 107,
      "target": 109,
      "value": 1
    },
    {
      "source": 111,
      "target": 112,
      "value": 2
    },
    {
      "source": 111,
      "target": 109,
      "value": 1
    },
    {
      "source": 112,
      "target": 109,
      "value": 1
    },
    {
      "source": 24,
      "target": 100,
      "value": 2
    },
    {
      "source": 24,
      "target": 96,
      "value": 1
    },
    {
      "source": 95,
      "target": 19,
      "value": 1
    },
    {
      "source": 96,
      "target": 19,
      "value": 1
    },
    {
      "source": 96,
      "target": 100,
      "value": 1
    },
    {
      "source": 96,
      "target": 68,
      "value": 1
    },
    {
      "source": 69,
      "target": 96,
      "value": 1
    }
  ]
}