{
  "nodes": [
    {
      "name": "LEIA",
      "value": 55,
      "colour": "#DCDCDC"
    },
    {
      "name": "C-3PO",
      "value": 62,
      "colour": "#FFD700"
    },
    {
      "name": "R2-D2",
      "value": 58,
      "colour": "#bde0f6"
    },
    {
      "name": "LUKE",
      "value": 183,
      "colour": "#3881e5"
    },
    {
      "name": "DARTH VADER",
      "value": 67,
      "colour": "#000000"
    },
    {
      "name": "EMPEROR",
      "value": 4,
      "colour": "#191970"
    },
    {
      "name": "YOUNG GIRL",
      "value": 4,
      "colour": "#808080"
    },
    {
      "name": "BIGGS",
      "value": 34,
      "colour": "#808080"
    },
    {
      "name": "CAMIE",
      "value": 3,
      "colour": "#808080"
    },
    {
      "name": "SNAP",
      "value": 3,
      "colour": "#808080"
    },
    {
      "name": "OWEN",
      "value": 10,
      "colour": "#808080"
    },
    {
      "name": "BERU",
      "value": 6,
      "colour": "#808080"
    },
    {
      "name": "OBI-WAN",
      "value": 45,
      "colour": "#48D1CC"
    },
    {
      "name": "CAPTAIN ANTILLES",
      "value": 2,
      "colour": "#808080"
    },
    {
      "name": "TARKIN",
      "value": 16,
      "colour": "#808080"
    },
    {
      "name": "MOTTI",
      "value": 3,
      "colour": "#808080"
    },
    {
      "name": "CHEWBACCA",
      "value": 42,
      "colour": "#A0522D"
    },
    {
      "name": "HAN",
      "value": 62,
      "colour": "#ff9400"
    },
    {
      "name": "JABBA",
      "value": 3,
      "colour": "#808080"
    },
    {
      "name": "GREEDO",
      "value": 3,
      "colour": "#808080"
    },
    {
      "name": "WEDGE",
      "value": 27,
      "colour": "#808080"
    },
    {
      "name": "GOLD LEADER",
      "value": 20,
      "colour": "#808080"
    },
    {
      "name": "DODONNA",
      "value": 10,
      "colour": "#808080"
    },
    {
      "name": "RED LEADER",
      "value": 47,
      "colour": "#808080"
    },
    {
      "name": "RED TEN",
      "value": 12,
      "colour": "#808080"
    },
    {
      "name": "GOLD FIVE",
      "value": 12,
      "colour": "#808080"
    }
  ],
  "links": [
    {
      "source": 1,
      "target": 2,
      "value": 38
    },
    {
      "source": 4,
      "target": 5,
      "value": 3
    },
    {
      "source": 1,
      "target": 6,
      "value": 1
    },
    {
      "source": 2,
      "target": 6,
      "value": 1
    },
    {
      "source": 4,
      "target": 6,
      "value": 1
    },
    {
      "source": 4,
      "target": 0,
      "value": 8
    },
    {
      "source": 0,
      "target": 6,
      "value": 2
    },
    {
      "source": 7,
      "target": 3,
      "value": 19
    },
    {
      "source": 8,
      "target": 3,
      "value": 2
    },
    {
      "source": 7,
      "target": 8,
      "value": 2
    },
    {
      "source": 4,
      "target": 9,
      "value": 1
    },
    {
      "source": 0,
      "target": 9,
      "value": 2
    },
    {
      "source": 3,
      "target": 10,
      "value": 9
    },
    {
      "source": 7,
      "target": 10,
      "value": 2
    },
    {
      "source": 11,
      "target": 1,
      "value": 2
    },
    {
      "source": 1,
      "target": 3,
      "value": 33
    },
    {
      "source": 1,
      "target": 10,
      "value": 4
    },
    {
      "source": 11,
      "target": 2,
      "value": 2
    },
    {
      "source": 3,
      "target": 2,
      "value": 28
    },
    {
      "source": 10,
      "target": 2,
      "value": 2
    },
    {
      "source": 11,
      "target": 3,
      "value": 5
    },
    {
      "source": 11,
      "target": 10,
      "value": 4
    },
    {
      "source": 1,
      "target": 12,
      "value": 16
    },
    {
      "source": 12,
      "target": 2,
      "value": 13
    },
    {
      "source": 11,
      "target": 12,
      "value": 2
    },
    {
      "source": 3,
      "target": 12,
      "value": 36
    },
    {
      "source": 0,
      "target": 12,
      "value": 8
    },
    {
      "source": 7,
      "target": 12,
      "value": 3
    },
    {
      "source": 13,
      "target": 12,
      "value": 1
    },
    {
      "source": 12,
      "target": 9,
      "value": 1
    },
    {
      "source": 1,
      "target": 0,
      "value": 17
    },
    {
      "source": 7,
      "target": 1,
      "value": 5
    },
    {
      "source": 1,
      "target": 13,
      "value": 1
    },
    {
      "source": 1,
      "target": 9,
      "value": 1
    },
    {
      "source": 0,
      "target": 2,
      "value": 11
    },
    {
      "source": 7,
      "target": 2,
      "value": 2
    },
    {
      "source": 13,
      "target": 2,
      "value": 1
    },
    {
      "source": 2,
      "target": 9,
      "value": 1
    },
    {
      "source": 11,
      "target": 0,
      "value": 1
    },
    {
      "source": 11,
      "target": 7,
      "value": 2
    },
    {
      "source": 11,
      "target": 13,
      "value": 1
    },
    {
      "source": 11,
      "target": 9,
      "value": 1
    },
    {
      "source": 0,
      "target": 3,
      "value": 30
    },
    {
      "source": 13,
      "target": 3,
      "value": 1
    },
    {
      "source": 3,
      "target": 9,
      "value": 1
    },
    {
      "source": 7,
      "target": 0,
      "value": 5
    },
    {
      "source": 13,
      "target": 0,
      "value": 1
    },
    {
      "source": 7,
      "target": 13,
      "value": 1
    },
    {
      "source": 7,
      "target": 9,
      "value": 1
    },
    {
      "source": 13,
      "target": 9,
      "value": 1
    },
    {
      "source": 12,
      "target": 10,
      "value": 3
    },
    {
      "source": 4,
      "target": 12,
      "value": 7
    },
    {
      "source": 1,
      "target": 4,
      "value": 1
    },
    {
      "source": 4,
      "target": 2,
      "value": 2
    },
    {
      "source": 4,
      "target": 3,
      "value": 11
    },
    {
      "source": 4,
      "target": 14,
      "value": 10
    },
    {
      "source": 4,
      "target": 15,
      "value": 2
    },
    {
      "source": 5,
      "target": 14,
      "value": 2
    },
    {
      "source": 5,
      "target": 15,
      "value": 2
    },
    {
      "source": 15,
      "target": 14,
      "value": 2
    },
    {
      "source": 16,
      "target": 12,
      "value": 13
    },
    {
      "source": 1,
      "target": 16,
      "value": 10
    },
    {
      "source": 16,
      "target": 3,
      "value": 28
    },
    {
      "source": 17,
      "target": 12,
      "value": 13
    },
    {
      "source": 16,
      "target": 17,
      "value": 34
    },
    {
      "source": 17,
      "target": 3,
      "value": 39
    },
    {
      "source": 17,
      "target": 18,
      "value": 2
    },
    {
      "source": 19,
      "target": 17,
      "value": 2
    },
    {
      "source": 19,
      "target": 18,
      "value": 2
    },
    {
      "source": 0,
      "target": 14,
      "value": 2
    },
    {
      "source": 16,
      "target": 18,
      "value": 1
    },
    {
      "source": 16,
      "target": 19,
      "value": 1
    },
    {
      "source": 1,
      "target": 17,
      "value": 11
    },
    {
      "source": 17,
      "target": 2,
      "value": 11
    },
    {
      "source": 5,
      "target": 0,
      "value": 1
    },
    {
      "source": 0,
      "target": 15,
      "value": 1
    },
    {
      "source": 16,
      "target": 2,
      "value": 7
    },
    {
      "source": 16,
      "target": 0,
      "value": 19
    },
    {
      "source": 17,
      "target": 0,
      "value": 21
    },
    {
      "source": 12,
      "target": 14,
      "value": 2
    },
    {
      "source": 16,
      "target": 6,
      "value": 1
    },
    {
      "source": 3,
      "target": 6,
      "value": 1
    },
    {
      "source": 17,
      "target": 6,
      "value": 1
    },
    {
      "source": 16,
      "target": 4,
      "value": 2
    },
    {
      "source": 4,
      "target": 17,
      "value": 2
    },
    {
      "source": 2,
      "target": 20,
      "value": 1
    },
    {
      "source": 21,
      "target": 2,
      "value": 1
    },
    {
      "source": 22,
      "target": 2,
      "value": 3
    },
    {
      "source": 16,
      "target": 20,
      "value": 1
    },
    {
      "source": 16,
      "target": 21,
      "value": 1
    },
    {
      "source": 16,
      "target": 22,
      "value": 2
    },
    {
      "source": 3,
      "target": 20,
      "value": 10
    },
    {
      "source": 21,
      "target": 3,
      "value": 1
    },
    {
      "source": 22,
      "target": 3,
      "value": 5
    },
    {
      "source": 17,
      "target": 20,
      "value": 1
    },
    {
      "source": 21,
      "target": 17,
      "value": 1
    },
    {
      "source": 22,
      "target": 17,
      "value": 3
    },
    {
      "source": 0,
      "target": 20,
      "value": 6
    },
    {
      "source": 21,
      "target": 0,
      "value": 3
    },
    {
      "source": 22,
      "target": 0,
      "value": 7
    },
    {
      "source": 21,
      "target": 20,
      "value": 2
    },
    {
      "source": 22,
      "target": 20,
      "value": 5
    },
    {
      "source": 22,
      "target": 21,
      "value": 2
    },
    {
      "source": 12,
      "target": 23,
      "value": 1
    },
    {
      "source": 22,
      "target": 12,
      "value": 1
    },
    {
      "source": 1,
      "target": 23,
      "value": 4
    },
    {
      "source": 1,
      "target": 22,
      "value": 5
    },
    {
      "source": 2,
      "target": 23,
      "value": 1
    },
    {
      "source": 3,
      "target": 23,
      "value": 11
    },
    {
      "source": 17,
      "target": 23,
      "value": 1
    },
    {
      "source": 7,
      "target": 17,
      "value": 1
    },
    {
      "source": 0,
      "target": 23,
      "value": 7
    },
    {
      "source": 7,
      "target": 23,
      "value": 5
    },
    {
      "source": 22,
      "target": 23,
      "value": 5
    },
    {
      "source": 7,
      "target": 22,
      "value": 5
    },
    {
      "source": 23,
      "target": 20,
      "value": 5
    },
    {
      "source": 21,
      "target": 23,
      "value": 3
    },
    {
      "source": 1,
      "target": 20,
      "value": 4
    },
    {
      "source": 7,
      "target": 20,
      "value": 5
    },
    {
      "source": 3,
      "target": 24,
      "value": 2
    },
    {
      "source": 0,
      "target": 24,
      "value": 1
    },
    {
      "source": 23,
      "target": 24,
      "value": 1
    },
    {
      "source": 1,
      "target": 21,
      "value": 1
    },
    {
      "source": 7,
      "target": 21,
      "value": 1
    },
    {
      "source": 25,
      "target": 21,
      "value": 2
    },
    {
      "source": 1,
      "target": 25,
      "value": 1
    },
    {
      "source": 25,
      "target": 0,
      "value": 1
    },
    {
      "source": 4,
      "target": 21,
      "value": 1
    },
    {
      "source": 25,
      "target": 23,
      "value": 2
    },
    {
      "source": 25,
      "target": 3,
      "value": 1
    },
    {
      "source": 4,
      "target": 24,
      "value": 3
    },
    {
      "source": 4,
      "target": 23,
      "value": 2
    },
    {
      "source": 4,
      "target": 20,
      "value": 1
    },
    {
      "source": 7,
      "target": 4,
      "value": 1
    }
  ]
}