{
  "nodes": [
    {
      "name": "COUNT DOOKU",
      "value": 20,
      "colour": "#808080"
    },
    {
      "name": "R2-D2",
      "value": 21,
      "colour": "#bde0f6"
    },
    {
      "name": "PADME",
      "value": 51,
      "colour": "#DDA0DD"
    },
    {
      "name": "JAR JAR",
      "value": 10,
      "colour": "#9a9a00"
    },
    {
      "name": "CAPTAIN TYPHO",
      "value": 8,
      "colour": "#808080"
    },
    {
      "name": "EMPEROR",
      "value": 9,
      "colour": "#191970"
    },
    {
      "name": "SENATOR ASK AAK",
      "value": 3,
      "colour": "#808080"
    },
    {
      "name": "ORN FREE TAA",
      "value": 4,
      "colour": "#808080"
    },
    {
      "name": "BAIL ORGANA",
      "value": 4,
      "colour": "#808080"
    },
    {
      "name": "MACE WINDU",
      "value": 14,
      "colour": "#808080"
    },
    {
      "name": "KI-ADI-MUNDI",
      "value": 8,
      "colour": "#808080"
    },
    {
      "name": "OBI-WAN",
      "value": 66,
      "colour": "#48D1CC"
    },
    {
      "name": "YODA",
      "value": 15,
      "colour": "#9ACD32"
    },
    {
      "name": "ANAKIN",
      "value": 62,
      "colour": "#ce3b59"
    },
    {
      "name": "PK-4",
      "value": 2,
      "colour": "#808080"
    },
    {
      "name": "NUTE GUNRAY",
      "value": 4,
      "colour": "#808080"
    },
    {
      "name": "SIO BIBBLE",
      "value": 2,
      "colour": "#808080"
    },
    {
      "name": "QUI-GON",
      "value": 2,
      "colour": "#4f4fb1"
    },
    {
      "name": "RUWEE",
      "value": 4,
      "colour": "#808080"
    },
    {
      "name": "JOBAL",
      "value": 3,
      "colour": "#808080"
    },
    {
      "name": "SOLA",
      "value": 3,
      "colour": "#808080"
    },
    {
      "name": "TAUN WE",
      "value": 10,
      "colour": "#808080"
    },
    {
      "name": "LAMA SU",
      "value": 8,
      "colour": "#808080"
    },
    {
      "name": "JANGO FETT",
      "value": 16,
      "colour": "#808080"
    },
    {
      "name": "BOBA FETT",
      "value": 10,
      "colour": "#808080"
    },
    {
      "name": "SHMI",
      "value": 4,
      "colour": "#808080"
    },
    {
      "name": "WATTO",
      "value": 2,
      "colour": "#808080"
    },
    {
      "name": "SNAP",
      "value": 2,
      "colour": "#808080"
    },
    {
      "name": "C-3PO",
      "value": 13,
      "colour": "#FFD700"
    },
    {
      "name": "BERU",
      "value": 7,
      "colour": "#808080"
    },
    {
      "name": "OWEN",
      "value": 6,
      "colour": "#808080"
    },
    {
      "name": "CLIEGG",
      "value": 5,
      "colour": "#808080"
    },
    {
      "name": "POGGLE",
      "value": 3,
      "colour": "#808080"
    },
    {
      "name": "SUN RIT",
      "value": 3,
      "colour": "#808080"
    },
    {
      "name": "PLO KOON",
      "value": 3,
      "colour": "#808080"
    }
  ],
  "links": [
    {
      "source": 2,
      "target": 1,
      "value": 17
    },
    {
      "source": 3,
      "target": 1,
      "value": 1
    },
    {
      "source": 4,
      "target": 1,
      "value": 3
    },
    {
      "source": 3,
      "target": 2,
      "value": 4
    },
    {
      "source": 4,
      "target": 2,
      "value": 6
    },
    {
      "source": 4,
      "target": 3,
      "value": 4
    },
    {
      "source": 5,
      "target": 2,
      "value": 2
    },
    {
      "source": 5,
      "target": 3,
      "value": 5
    },
    {
      "source": 4,
      "target": 5,
      "value": 2
    },
    {
      "source": 5,
      "target": 6,
      "value": 2
    },
    {
      "source": 5,
      "target": 7,
      "value": 3
    },
    {
      "source": 2,
      "target": 6,
      "value": 1
    },
    {
      "source": 7,
      "target": 2,
      "value": 1
    },
    {
      "source": 3,
      "target": 6,
      "value": 2
    },
    {
      "source": 3,
      "target": 7,
      "value": 3
    },
    {
      "source": 4,
      "target": 6,
      "value": 1
    },
    {
      "source": 4,
      "target": 7,
      "value": 2
    },
    {
      "source": 7,
      "target": 6,
      "value": 1
    },
    {
      "source": 8,
      "target": 5,
      "value": 3
    },
    {
      "source": 5,
      "target": 9,
      "value": 2
    },
    {
      "source": 0,
      "target": 5,
      "value": 4
    },
    {
      "source": 5,
      "target": 10,
      "value": 2
    },
    {
      "source": 5,
      "target": 11,
      "value": 3
    },
    {
      "source": 5,
      "target": 12,
      "value": 2
    },
    {
      "source": 8,
      "target": 9,
      "value": 2
    },
    {
      "source": 8,
      "target": 0,
      "value": 2
    },
    {
      "source": 8,
      "target": 10,
      "value": 2
    },
    {
      "source": 8,
      "target": 11,
      "value": 2
    },
    {
      "source": 8,
      "target": 12,
      "value": 2
    },
    {
      "source": 8,
      "target": 3,
      "value": 3
    },
    {
      "source": 8,
      "target": 4,
      "value": 1
    },
    {
      "source": 8,
      "target": 7,
      "value": 1
    },
    {
      "source": 0,
      "target": 9,
      "value": 6
    },
    {
      "source": 10,
      "target": 9,
      "value": 4
    },
    {
      "source": 9,
      "target": 11,
      "value": 11
    },
    {
      "source": 9,
      "target": 12,
      "value": 10
    },
    {
      "source": 3,
      "target": 9,
      "value": 3
    },
    {
      "source": 4,
      "target": 9,
      "value": 1
    },
    {
      "source": 9,
      "target": 7,
      "value": 1
    },
    {
      "source": 0,
      "target": 10,
      "value": 3
    },
    {
      "source": 0,
      "target": 11,
      "value": 11
    },
    {
      "source": 0,
      "target": 12,
      "value": 5
    },
    {
      "source": 0,
      "target": 3,
      "value": 2
    },
    {
      "source": 4,
      "target": 0,
      "value": 1
    },
    {
      "source": 0,
      "target": 7,
      "value": 1
    },
    {
      "source": 10,
      "target": 11,
      "value": 4
    },
    {
      "source": 10,
      "target": 12,
      "value": 4
    },
    {
      "source": 3,
      "target": 10,
      "value": 2
    },
    {
      "source": 4,
      "target": 10,
      "value": 1
    },
    {
      "source": 10,
      "target": 7,
      "value": 1
    },
    {
      "source": 11,
      "target": 12,
      "value": 11
    },
    {
      "source": 3,
      "target": 11,
      "value": 5
    },
    {
      "source": 4,
      "target": 11,
      "value": 5
    },
    {
      "source": 11,
      "target": 7,
      "value": 1
    },
    {
      "source": 3,
      "target": 12,
      "value": 3
    },
    {
      "source": 4,
      "target": 12,
      "value": 1
    },
    {
      "source": 7,
      "target": 12,
      "value": 1
    },
    {
      "source": 13,
      "target": 11,
      "value": 24
    },
    {
      "source": 13,
      "target": 3,
      "value": 3
    },
    {
      "source": 11,
      "target": 2,
      "value": 16
    },
    {
      "source": 13,
      "target": 2,
      "value": 43
    },
    {
      "source": 13,
      "target": 4,
      "value": 4
    },
    {
      "source": 11,
      "target": 1,
      "value": 6
    },
    {
      "source": 13,
      "target": 1,
      "value": 14
    },
    {
      "source": 13,
      "target": 5,
      "value": 2
    },
    {
      "source": 13,
      "target": 12,
      "value": 5
    },
    {
      "source": 13,
      "target": 9,
      "value": 6
    },
    {
      "source": 9,
      "target": 2,
      "value": 5
    },
    {
      "source": 2,
      "target": 12,
      "value": 2
    },
    {
      "source": 11,
      "target": 14,
      "value": 1
    },
    {
      "source": 0,
      "target": 15,
      "value": 3
    },
    {
      "source": 15,
      "target": 16,
      "value": 1
    },
    {
      "source": 13,
      "target": 15,
      "value": 3
    },
    {
      "source": 15,
      "target": 2,
      "value": 3
    },
    {
      "source": 0,
      "target": 16,
      "value": 1
    },
    {
      "source": 13,
      "target": 0,
      "value": 11
    },
    {
      "source": 0,
      "target": 2,
      "value": 10
    },
    {
      "source": 13,
      "target": 16,
      "value": 1
    },
    {
      "source": 2,
      "target": 16,
      "value": 1
    },
    {
      "source": 0,
      "target": 17,
      "value": 1
    },
    {
      "source": 11,
      "target": 17,
      "value": 1
    },
    {
      "source": 13,
      "target": 18,
      "value": 3
    },
    {
      "source": 13,
      "target": 19,
      "value": 2
    },
    {
      "source": 13,
      "target": 20,
      "value": 2
    },
    {
      "source": 2,
      "target": 18,
      "value": 2
    },
    {
      "source": 19,
      "target": 2,
      "value": 2
    },
    {
      "source": 2,
      "target": 20,
      "value": 2
    },
    {
      "source": 19,
      "target": 18,
      "value": 1
    },
    {
      "source": 18,
      "target": 20,
      "value": 1
    },
    {
      "source": 19,
      "target": 20,
      "value": 2
    },
    {
      "source": 11,
      "target": 21,
      "value": 9
    },
    {
      "source": 22,
      "target": 11,
      "value": 7
    },
    {
      "source": 22,
      "target": 21,
      "value": 5
    },
    {
      "source": 23,
      "target": 11,
      "value": 13
    },
    {
      "source": 23,
      "target": 22,
      "value": 2
    },
    {
      "source": 23,
      "target": 21,
      "value": 5
    },
    {
      "source": 0,
      "target": 22,
      "value": 1
    },
    {
      "source": 24,
      "target": 23,
      "value": 8
    },
    {
      "source": 24,
      "target": 11,
      "value": 9
    },
    {
      "source": 24,
      "target": 21,
      "value": 2
    },
    {
      "source": 13,
      "target": 25,
      "value": 3
    },
    {
      "source": 13,
      "target": 26,
      "value": 1
    },
    {
      "source": 13,
      "target": 27,
      "value": 1
    },
    {
      "source": 2,
      "target": 25,
      "value": 2
    },
    {
      "source": 2,
      "target": 26,
      "value": 1
    },
    {
      "source": 2,
      "target": 27,
      "value": 1
    },
    {
      "source": 25,
      "target": 26,
      "value": 1
    },
    {
      "source": 25,
      "target": 27,
      "value": 1
    },
    {
      "source": 27,
      "target": 26,
      "value": 1
    },
    {
      "source": 13,
      "target": 28,
      "value": 7
    },
    {
      "source": 28,
      "target": 2,
      "value": 9
    },
    {
      "source": 29,
      "target": 28,
      "value": 3
    },
    {
      "source": 28,
      "target": 25,
      "value": 1
    },
    {
      "source": 28,
      "target": 30,
      "value": 3
    },
    {
      "source": 28,
      "target": 31,
      "value": 2
    },
    {
      "source": 13,
      "target": 29,
      "value": 3
    },
    {
      "source": 29,
      "target": 2,
      "value": 4
    },
    {
      "source": 29,
      "target": 25,
      "value": 1
    },
    {
      "source": 29,
      "target": 30,
      "value": 4
    },
    {
      "source": 29,
      "target": 31,
      "value": 4
    },
    {
      "source": 13,
      "target": 30,
      "value": 4
    },
    {
      "source": 13,
      "target": 31,
      "value": 3
    },
    {
      "source": 30,
      "target": 2,
      "value": 5
    },
    {
      "source": 31,
      "target": 2,
      "value": 3
    },
    {
      "source": 30,
      "target": 25,
      "value": 1
    },
    {
      "source": 31,
      "target": 25,
      "value": 1
    },
    {
      "source": 31,
      "target": 30,
      "value": 3
    },
    {
      "source": 5,
      "target": 23,
      "value": 2
    },
    {
      "source": 8,
      "target": 23,
      "value": 1
    },
    {
      "source": 8,
      "target": 6,
      "value": 1
    },
    {
      "source": 23,
      "target": 9,
      "value": 3
    },
    {
      "source": 9,
      "target": 6,
      "value": 1
    },
    {
      "source": 0,
      "target": 23,
      "value": 4
    },
    {
      "source": 0,
      "target": 6,
      "value": 1
    },
    {
      "source": 23,
      "target": 10,
      "value": 1
    },
    {
      "source": 23,
      "target": 12,
      "value": 1
    },
    {
      "source": 23,
      "target": 3,
      "value": 1
    },
    {
      "source": 23,
      "target": 6,
      "value": 1
    },
    {
      "source": 10,
      "target": 6,
      "value": 1
    },
    {
      "source": 11,
      "target": 6,
      "value": 1
    },
    {
      "source": 6,
      "target": 12,
      "value": 1
    },
    {
      "source": 28,
      "target": 1,
      "value": 8
    },
    {
      "source": 28,
      "target": 0,
      "value": 2
    },
    {
      "source": 28,
      "target": 11,
      "value": 3
    },
    {
      "source": 0,
      "target": 1,
      "value": 2
    },
    {
      "source": 29,
      "target": 1,
      "value": 1
    },
    {
      "source": 30,
      "target": 1,
      "value": 1
    },
    {
      "source": 31,
      "target": 1,
      "value": 1
    },
    {
      "source": 28,
      "target": 9,
      "value": 1
    },
    {
      "source": 9,
      "target": 1,
      "value": 1
    },
    {
      "source": 13,
      "target": 23,
      "value": 4
    },
    {
      "source": 23,
      "target": 2,
      "value": 4
    },
    {
      "source": 15,
      "target": 32,
      "value": 2
    },
    {
      "source": 15,
      "target": 33,
      "value": 2
    },
    {
      "source": 0,
      "target": 32,
      "value": 2
    },
    {
      "source": 0,
      "target": 33,
      "value": 2
    },
    {
      "source": 13,
      "target": 32,
      "value": 2
    },
    {
      "source": 13,
      "target": 33,
      "value": 2
    },
    {
      "source": 2,
      "target": 32,
      "value": 2
    },
    {
      "source": 2,
      "target": 33,
      "value": 2
    },
    {
      "source": 32,
      "target": 33,
      "value": 2
    },
    {
      "source": 24,
      "target": 15,
      "value": 1
    },
    {
      "source": 23,
      "target": 15,
      "value": 1
    },
    {
      "source": 15,
      "target": 11,
      "value": 1
    },
    {
      "source": 24,
      "target": 0,
      "value": 3
    },
    {
      "source": 13,
      "target": 24,
      "value": 3
    },
    {
      "source": 24,
      "target": 2,
      "value": 3
    },
    {
      "source": 24,
      "target": 32,
      "value": 1
    },
    {
      "source": 24,
      "target": 33,
      "value": 1
    },
    {
      "source": 23,
      "target": 32,
      "value": 1
    },
    {
      "source": 23,
      "target": 33,
      "value": 1
    },
    {
      "source": 11,
      "target": 32,
      "value": 1
    },
    {
      "source": 11,
      "target": 33,
      "value": 1
    },
    {
      "source": 24,
      "target": 9,
      "value": 2
    },
    {
      "source": 10,
      "target": 34,
      "value": 2
    },
    {
      "source": 24,
      "target": 10,
      "value": 1
    },
    {
      "source": 24,
      "target": 12,
      "value": 1
    },
    {
      "source": 13,
      "target": 10,
      "value": 1
    },
    {
      "source": 10,
      "target": 2,
      "value": 1
    },
    {
      "source": 9,
      "target": 34,
      "value": 1
    },
    {
      "source": 11,
      "target": 34,
      "value": 1
    },
    {
      "source": 34,
      "target": 12,
      "value": 1
    }
  ]
}