{
  "nodes": [
    {
      "name": "LUKE",
      "value": 57,
      "colour": "#3881e5"
    },
    {
      "name": "HAN",
      "value": 46,
      "colour": "#ff9400"
    },
    {
      "name": "JABBA",
      "value": 21,
      "colour": "#808080"
    },
    {
      "name": "DARTH VADER",
      "value": 24,
      "colour": "#000000"
    },
    {
      "name": "EMPEROR",
      "value": 20,
      "colour": "#191970"
    },
    {
      "name": "JERJERROD",
      "value": 4,
      "colour": "#808080"
    },
    {
      "name": "SNAP",
      "value": 3,
      "colour": "#808080"
    },
    {
      "name": "C-3PO",
      "value": 37,
      "colour": "#FFD700"
    },
    {
      "name": "R2-D2",
      "value": 31,
      "colour": "#bde0f6"
    },
    {
      "name": "CHEWBACCA",
      "value": 39,
      "colour": "#A0522D"
    },
    {
      "name": "LANDO",
      "value": 31,
      "colour": "#808080"
    },
    {
      "name": "BIB FORTUNA",
      "value": 7,
      "colour": "#808080"
    },
    {
      "name": "BOBA FETT",
      "value": 5,
      "colour": "#808080"
    },
    {
      "name": "BOUSHH",
      "value": 3,
      "colour": "#808080"
    },
    {
      "name": "LEIA",
      "value": 38,
      "colour": "#DCDCDC"
    },
    {
      "name": "OBI-WAN",
      "value": 8,
      "colour": "#48D1CC"
    },
    {
      "name": "YODA",
      "value": 5,
      "colour": "#9ACD32"
    },
    {
      "name": "ANAKIN",
      "value": 6,
      "colour": "#ce3b59"
    },
    {
      "name": "OWEN",
      "value": 2,
      "colour": "#808080"
    },
    {
      "name": "ADMIRAL ACKBAR",
      "value": 11,
      "colour": "#808080"
    },
    {
      "name": "WEDGE",
      "value": 8,
      "colour": "#808080"
    },
    {
      "name": "MON MOTHMA",
      "value": 2,
      "colour": "#808080"
    },
    {
      "name": "PIETT",
      "value": 4,
      "colour": "#808080"
    },
    {
      "name": "RED LEADER",
      "value": 3,
      "colour": "#808080"
    },
    {
      "name": "GOLD LEADER",
      "value": 6,
      "colour": "#808080"
    }
  ],
  "links": [
    {
      "source": 1,
      "target": 0,
      "value": 28
    },
    {
      "source": 2,
      "target": 0,
      "value": 13
    },
    {
      "source": 1,
      "target": 2,
      "value": 7
    },
    {
      "source": 3,
      "target": 4,
      "value": 16
    },
    {
      "source": 3,
      "target": 5,
      "value": 2
    },
    {
      "source": 3,
      "target": 6,
      "value": 2
    },
    {
      "source": 4,
      "target": 5,
      "value": 2
    },
    {
      "source": 4,
      "target": 6,
      "value": 2
    },
    {
      "source": 5,
      "target": 6,
      "value": 2
    },
    {
      "source": 7,
      "target": 8,
      "value": 24
    },
    {
      "source": 7,
      "target": 9,
      "value": 22
    },
    {
      "source": 7,
      "target": 10,
      "value": 9
    },
    {
      "source": 7,
      "target": 2,
      "value": 13
    },
    {
      "source": 9,
      "target": 8,
      "value": 14
    },
    {
      "source": 10,
      "target": 8,
      "value": 5
    },
    {
      "source": 2,
      "target": 8,
      "value": 8
    },
    {
      "source": 9,
      "target": 10,
      "value": 13
    },
    {
      "source": 9,
      "target": 2,
      "value": 5
    },
    {
      "source": 2,
      "target": 10,
      "value": 7
    },
    {
      "source": 7,
      "target": 0,
      "value": 22
    },
    {
      "source": 0,
      "target": 8,
      "value": 20
    },
    {
      "source": 11,
      "target": 7,
      "value": 5
    },
    {
      "source": 11,
      "target": 8,
      "value": 2
    },
    {
      "source": 11,
      "target": 0,
      "value": 4
    },
    {
      "source": 11,
      "target": 2,
      "value": 6
    },
    {
      "source": 7,
      "target": 1,
      "value": 24
    },
    {
      "source": 1,
      "target": 8,
      "value": 16
    },
    {
      "source": 11,
      "target": 1,
      "value": 3
    },
    {
      "source": 12,
      "target": 7,
      "value": 2
    },
    {
      "source": 13,
      "target": 7,
      "value": 2
    },
    {
      "source": 11,
      "target": 12,
      "value": 1
    },
    {
      "source": 12,
      "target": 9,
      "value": 3
    },
    {
      "source": 12,
      "target": 1,
      "value": 3
    },
    {
      "source": 12,
      "target": 10,
      "value": 3
    },
    {
      "source": 12,
      "target": 2,
      "value": 2
    },
    {
      "source": 12,
      "target": 13,
      "value": 1
    },
    {
      "source": 11,
      "target": 9,
      "value": 1
    },
    {
      "source": 11,
      "target": 10,
      "value": 3
    },
    {
      "source": 11,
      "target": 13,
      "value": 2
    },
    {
      "source": 9,
      "target": 1,
      "value": 33
    },
    {
      "source": 13,
      "target": 9,
      "value": 1
    },
    {
      "source": 1,
      "target": 10,
      "value": 14
    },
    {
      "source": 13,
      "target": 1,
      "value": 2
    },
    {
      "source": 13,
      "target": 10,
      "value": 2
    },
    {
      "source": 13,
      "target": 2,
      "value": 2
    },
    {
      "source": 7,
      "target": 14,
      "value": 25
    },
    {
      "source": 11,
      "target": 14,
      "value": 2
    },
    {
      "source": 1,
      "target": 14,
      "value": 26
    },
    {
      "source": 10,
      "target": 14,
      "value": 7
    },
    {
      "source": 2,
      "target": 14,
      "value": 8
    },
    {
      "source": 13,
      "target": 14,
      "value": 1
    },
    {
      "source": 9,
      "target": 0,
      "value": 25
    },
    {
      "source": 11,
      "target": 15,
      "value": 1
    },
    {
      "source": 0,
      "target": 15,
      "value": 6
    },
    {
      "source": 2,
      "target": 15,
      "value": 1
    },
    {
      "source": 14,
      "target": 0,
      "value": 22
    },
    {
      "source": 10,
      "target": 0,
      "value": 14
    },
    {
      "source": 12,
      "target": 0,
      "value": 2
    },
    {
      "source": 12,
      "target": 14,
      "value": 1
    },
    {
      "source": 9,
      "target": 14,
      "value": 21
    },
    {
      "source": 14,
      "target": 8,
      "value": 18
    },
    {
      "source": 3,
      "target": 15,
      "value": 5
    },
    {
      "source": 4,
      "target": 15,
      "value": 5
    },
    {
      "source": 5,
      "target": 15,
      "value": 1
    },
    {
      "source": 15,
      "target": 6,
      "value": 1
    },
    {
      "source": 8,
      "target": 16,
      "value": 2
    },
    {
      "source": 3,
      "target": 0,
      "value": 16
    },
    {
      "source": 3,
      "target": 16,
      "value": 2
    },
    {
      "source": 4,
      "target": 0,
      "value": 12
    },
    {
      "source": 4,
      "target": 16,
      "value": 2
    },
    {
      "source": 0,
      "target": 16,
      "value": 3
    },
    {
      "source": 15,
      "target": 8,
      "value": 1
    },
    {
      "source": 17,
      "target": 15,
      "value": 3
    },
    {
      "source": 14,
      "target": 15,
      "value": 1
    },
    {
      "source": 15,
      "target": 16,
      "value": 2
    },
    {
      "source": 15,
      "target": 18,
      "value": 1
    },
    {
      "source": 3,
      "target": 8,
      "value": 2
    },
    {
      "source": 4,
      "target": 8,
      "value": 2
    },
    {
      "source": 17,
      "target": 8,
      "value": 1
    },
    {
      "source": 18,
      "target": 8,
      "value": 1
    },
    {
      "source": 17,
      "target": 3,
      "value": 4
    },
    {
      "source": 3,
      "target": 14,
      "value": 4
    },
    {
      "source": 3,
      "target": 18,
      "value": 1
    },
    {
      "source": 17,
      "target": 4,
      "value": 2
    },
    {
      "source": 4,
      "target": 14,
      "value": 3
    },
    {
      "source": 4,
      "target": 18,
      "value": 1
    },
    {
      "source": 17,
      "target": 0,
      "value": 5
    },
    {
      "source": 17,
      "target": 14,
      "value": 1
    },
    {
      "source": 17,
      "target": 16,
      "value": 2
    },
    {
      "source": 17,
      "target": 18,
      "value": 1
    },
    {
      "source": 0,
      "target": 18,
      "value": 1
    },
    {
      "source": 14,
      "target": 16,
      "value": 1
    },
    {
      "source": 14,
      "target": 18,
      "value": 1
    },
    {
      "source": 18,
      "target": 16,
      "value": 1
    },
    {
      "source": 19,
      "target": 7,
      "value": 1
    },
    {
      "source": 7,
      "target": 4,
      "value": 1
    },
    {
      "source": 7,
      "target": 20,
      "value": 1
    },
    {
      "source": 7,
      "target": 21,
      "value": 1
    },
    {
      "source": 19,
      "target": 8,
      "value": 1
    },
    {
      "source": 8,
      "target": 20,
      "value": 1
    },
    {
      "source": 21,
      "target": 8,
      "value": 1
    },
    {
      "source": 19,
      "target": 9,
      "value": 1
    },
    {
      "source": 9,
      "target": 4,
      "value": 1
    },
    {
      "source": 9,
      "target": 20,
      "value": 1
    },
    {
      "source": 9,
      "target": 21,
      "value": 1
    },
    {
      "source": 19,
      "target": 4,
      "value": 1
    },
    {
      "source": 19,
      "target": 0,
      "value": 1
    },
    {
      "source": 19,
      "target": 1,
      "value": 2
    },
    {
      "source": 19,
      "target": 14,
      "value": 1
    },
    {
      "source": 19,
      "target": 10,
      "value": 6
    },
    {
      "source": 19,
      "target": 20,
      "value": 2
    },
    {
      "source": 19,
      "target": 21,
      "value": 1
    },
    {
      "source": 4,
      "target": 1,
      "value": 2
    },
    {
      "source": 4,
      "target": 10,
      "value": 1
    },
    {
      "source": 4,
      "target": 20,
      "value": 1
    },
    {
      "source": 4,
      "target": 21,
      "value": 1
    },
    {
      "source": 0,
      "target": 20,
      "value": 1
    },
    {
      "source": 0,
      "target": 21,
      "value": 1
    },
    {
      "source": 1,
      "target": 20,
      "value": 2
    },
    {
      "source": 1,
      "target": 21,
      "value": 1
    },
    {
      "source": 14,
      "target": 20,
      "value": 1
    },
    {
      "source": 14,
      "target": 21,
      "value": 1
    },
    {
      "source": 10,
      "target": 20,
      "value": 7
    },
    {
      "source": 10,
      "target": 21,
      "value": 1
    },
    {
      "source": 21,
      "target": 20,
      "value": 1
    },
    {
      "source": 9,
      "target": 3,
      "value": 2
    },
    {
      "source": 3,
      "target": 1,
      "value": 4
    },
    {
      "source": 3,
      "target": 22,
      "value": 1
    },
    {
      "source": 0,
      "target": 22,
      "value": 1
    },
    {
      "source": 1,
      "target": 22,
      "value": 1
    },
    {
      "source": 7,
      "target": 3,
      "value": 1
    },
    {
      "source": 10,
      "target": 23,
      "value": 2
    },
    {
      "source": 23,
      "target": 20,
      "value": 1
    },
    {
      "source": 19,
      "target": 24,
      "value": 1
    },
    {
      "source": 24,
      "target": 10,
      "value": 5
    },
    {
      "source": 24,
      "target": 20,
      "value": 4
    },
    {
      "source": 4,
      "target": 22,
      "value": 1
    },
    {
      "source": 24,
      "target": 1,
      "value": 1
    },
    {
      "source": 9,
      "target": 15,
      "value": 1
    },
    {
      "source": 1,
      "target": 15,
      "value": 1
    },
    {
      "source": 10,
      "target": 15,
      "value": 1
    },
    {
      "source": 17,
      "target": 9,
      "value": 1
    },
    {
      "source": 9,
      "target": 16,
      "value": 1
    },
    {
      "source": 17,
      "target": 1,
      "value": 1
    },
    {
      "source": 17,
      "target": 10,
      "value": 1
    },
    {
      "source": 1,
      "target": 16,
      "value": 1
    },
    {
      "source": 10,
      "target": 16,
      "value": 1
    }
  ]
}